claim_id,claim,source_ids,quote,quote_location,subquestion,volatility,confidence,verdict,note
A-01-C001,"JSON Lines requires UTF-8 encoding, no BOM, one valid JSON value per line, and a trailing newline is recommended but not required",src_2026-09-05_jsonlines-org_json-lines-documentation-for-the-json-lines-text-file-format,Including a line terminator after the last JSON value in a file is strongly recommended but not required.,Line Terminator section,A-01,stable,,,
A-01-C002,"NDJSON forbids raw newlines/carriage returns inside a JSON record and mandates UTF-8, unlike plain JSON Lines which is silent on embedded newlines",src_2026-09-05_github-com_ndjson-newline-delimited-json-spec-v1-0-0,The JSON texts MUST NOT contain newlines or carriage returns.,3.1 Serialization,A-01,stable,,,
A-01-C003,"A CloudTrail delivered log file is one JSON object containing a Records array, i.e. JSON, not JSON Lines/NDJSON",src_2026-09-05_docs-aws-amazon-com_cloudtrail-log-file-examples-aws-cloudtrail,"FileNameFormat is the encoding of the file. Currently, this is json.gz, which is a JSON text file in compressed gzip format.",CloudTrail log file name format,A-01,stable,,,
A-01-C004,"Kubernetes' own audit log backend writes one JSON Lines file, citing jsonlines.org as its format authority",src_2026-09-05_kubernetes-io_auditing-kubernetes,The log backend writes audit events to a file in JSONlines format.,Log backend,A-01,stable,,,
A-01-C005,"HashiCorp Vault's file audit device deliberately does no log rotation itself, delegating to external tools plus SIGHUP to reopen the file",src_2026-09-05_developer-hashicorp-com_file-audit-device-hashicorp-vault-docs,"The device does not currently assist with any log rotation. There are very stable and feature-filled log rotation tools already, so we recommend using existing tools.",File audit device,A-01,stable,,,
A-01-C006,"Linux auditd log_format choice is RAW (exactly as kernel emits) vs ENRICHED (resolved uid/gid/syscall names), explaining why auditd's on-disk text format is not simple JSON",src_2026-09-05_man7-org_auditd-conf-5-linux-manual-page,"If set to RAW, the audit records will be stored in a format exactly as the kernel sends it. The ENRICHED option will resolve all uid, gid, syscall, architecture, and socket address information before writing the event to disk.",log_format,A-01,stable,,,
A-01-C007,auditd records are explicitly not guaranteed to be atomic or ordered as a stream - one logical event can be composed of multiple interleaved records,src_2026-09-05_man7-org_auditd-conf-5-linux-manual-page,The auditd system does not guarantee that the records that make up an event will appear in order.,NOTES,A-01,stable,,,
A-01-C008,RFC 5424 syslog requires transport receivers to accept at least 480 octets and recommends supporting 2048 octets,src_2026-09-05_rfc-editor-org_rfc-5424-the-syslog-protocol,All transport receiver implementations SHOULD be able to accept messages of up to and including 2048 octets in length.,Section 6.1 Message Length,A-01,stable,,,
A-01-C009,"OWASP requires every log event to record who/when/what/where, including user identity and source address, but does not name a dedicated 'channel/interface' field beyond source address",src_2026-09-05_cheatsheetseries-owasp-org_owasp-logging-cheat-sheet,"The application logs must record ""when, where, who and what"" for each event.",Event attributes,A-01,stable,,,
A-01-C010,"OWASP explicitly says authentication successes and failures must always be logged, since failed logins are early indicators of credential attacks",src_2026-09-05_cheatsheetseries-owasp-org_owasp-logging-cheat-sheet,"Failed authentication attempts provide critical early indicators of credential‑based attacks such as brute‑force, credential‑stuffing, and password‑spraying.",Which events to log,A-01,stable,,,
A-01-C011,"OWASP explicitly forbids logging session tokens, access tokens and passwords in plaintext in log files",src_2026-09-05_cheatsheetseries-owasp-org_owasp-logging-cheat-sheet,"Session identification values (consider replacing with a hashed value if needed to track session specific events), Access tokens, Authentication passwords",Data to exclude,A-01,stable,,,
A-01-C012,"OCSF is a schema/taxonomy standard, not a serialization format - it explicitly works with JSON, Parquet, Avro or other formats",src_2026-09-05_github-com_open-cybersecurity-schema-framework-ocsf-ocsf-schema-readme,"Format Agnostic: Works with JSON, Parquet, Avro, and other formats",What is OCSF,A-01,stable,,,
A-01-C013,"OCSF's own category table places Authentication and Entity Management event classes under Identity & Access Management, and API Activity under Application Activity - directly fitting a per-object CRUD + login audit use case",src_2026-09-05_github-com_understanding-the-open-cybersecurity-schema-framework,An example of categories with some of their event classes is shown in the below table.,Categories,A-01,stable,,,
A-01-C014,"Every OCSF event class requires class_uid, category_uid, activity_id and severity_id as base attributes - adopting OCSF field naming means adopting this whole classification apparatus, not just a few field names",src_2026-09-05_github-com_understanding-the-open-cybersecurity-schema-framework,"Examples of required base attributes are class_uid, category_uid, activity_id, severity_id.",Base Event Class Attributes,A-01,stable,,,
A-01-C015,"NIST SP 800-92 documents that syslog's message body has no standard machine-parseable field structure, which is presented as a limitation for automated log analysis",src_2026-09-05_nvlpubs-nist-gov_nist-sp-800-92-guide-to-computer-security-log-management,"No standard fields are defined within the message content; it is intended to be human-readable, and not easily machine-parseable.",Section 3.3.1 Syslog Format,A-01,stable,,,
A-02-C001,"O_APPEND makes the seek-to-end-and-write atomic with respect to other writers on the same system, but this breaks on NFS because the client kernel must simulate append without atomicity",src_2026-09-05_man7-org_open-2-linux-manual-page,"O_APPEND may lead to corrupted files on NFS filesystems if more than one process appends data to a file at once. This is because NFS does not support appending to a file, so the client kernel has to simulate it, which can't be done without a race condition.",open(2) O_APPEND section,A-02,stable,,,
A-02-C002,A write() call can legally transfer fewer bytes than requested (a short write); the caller is obligated to detect this via the return value and issue another write() for the remainder,src_2026-09-05_man7-org_write-2-linux-manual-page,"In the event of a partial write, the caller can make another write() call to transfer the remaining bytes.",write(2) RETURN VALUE,A-02,stable,,,
A-02-C003,"POSIX defines O_APPEND as guaranteeing no intervening file modification between the offset-to-end seek and the write, which is the atomicity guarantee applications rely on for concurrent appenders to a regular file",src_2026-09-05_pubs-opengroup-org_write-posix-1-2017-ieee-std-1003-1-2017,"If the O_APPEND flag of the file status flags is set, the file offset shall be set to the end of the file prior to each write and no intervening file modification operation shall occur between changing the file offset and the write operation.",POSIX write() DESCRIPTION,A-02,stable,,,
A-02-C004,"PIPE_BUF (512 bytes minimum per POSIX, 4096 on Linux) is an atomicity guarantee specific to pipes and FIFOs, not regular files; it does not establish any size below which writes to a regular file are guaranteed non-interleaved",src_2026-09-05_man7-org_pipe-7-linux-manual-page,"POSIX.1 says that ""writes of less than PIPE_BUF bytes must be atomic: the output data is written to the pipe as a contiguous sequence."" Writes of more than PIPE_BUF bytes may be nonatomic: the kernel may interleave the data with data written by other processes. POSIX.1 requires PIPE_BUF to be at least 512 bytes. (On Linux, PIPE_BUF is 4096 bytes.)",pipe(7) PIPE_BUF section,A-02,stable,,,
A-02-C005,O_DSYNC guarantees only that write-necessary metadata (e.g. file length) and data reach hardware by the time write() returns (equivalent to fdatasync after each write); O_SYNC additionally flushes all metadata including mtime (equivalent to fsync after each write) at higher cost,src_2026-09-05_man7-org_open-2-linux-manual-page,"O_SYNC provides synchronized I/O file integrity completion, meaning write operations will flush data and all associated metadata to the underlying hardware. O_DSYNC provides synchronized I/O data integrity completion, meaning write operations will flush data to the underlying hardware, but will only flush metadata updates that are required to allow a subsequent read operation to complete successfully. Data integrity completion can reduce the number of disk operations that are required for applications that don't need the guarantees of file integrity completion.",open(2) NOTES / synchronized I/O,A-02,stable,,,
A-02-C006,"PostgreSQL documents turning fsync off as a performance win that risks unrecoverable data corruption on power failure or crash, and recommends it only when the database can be easily recreated from external data",src_2026-09-05_postgresql-org_postgresql-documentation-18-19-5-write-ahead-log,"While turning off fsync is often a performance benefit, this can result in unrecoverable data corruption in the event of a power failure or system crash. Thus it is only advisable to turn off fsync if you can easily recreate your entire database from external data.","PostgreSQL runtime-config-wal.html, fsync parameter",A-02,stable,,,
A-02-C007,"PostgreSQL documents synchronous_commit=off as a safer relaxation than turning off fsync: it only risks losing recently-committed transactions on crash (as if aborted cleanly), not database inconsistency/corruption",src_2026-09-05_postgresql-org_postgresql-documentation-18-19-5-write-ahead-log,"Unlike fsync, setting this parameter to off does not create any risk of database inconsistency: an operating system or database crash might result in some recent allegedly-committed transactions being lost, but the database state will be just the same as if those transactions had been aborted cleanly.","PostgreSQL runtime-config-wal.html, synchronous_commit parameter",A-02,stable,,,
A-02-C008,"auditd's flush setting exposes exactly the fsync-cadence choice for an append-only log: none (no special flush effort), incremental/incremental_async (flush every N records via freq), data (keep data portion sync'd always), or sync (data+metadata sync'd on every write)",src_2026-09-05_man7-org_auditd-conf-5-linux-manual-page,"flush  Valid values are none, incremental, incremental_async, data, and sync. If set to none, no special effort is made to flush the audit records to disk. If set to incremental, Then the freq parameter is used to determine how often an explicit flush to disk is issued. The incremental_async parameter is very much like incremental except the flushing is done asynchronously for higher performance. The data parameter tells the audit daemon to keep the data portion of the disk file sync'd at all times. The sync option tells the audit daemon to keep both the data and meta-data fully sync'd with every write to disk. The default value is incremental_async.",auditd.conf(5) flush/freq,A-02,stable,,,
A-02-C009,"auditd sizes rotation via max_log_file (a MiB size cap) plus num_logs (retained file count, 0 meaning no rotation), and documents that log ordering after rotation is numeric-suffix-based (higher number = older), the same convention logrotate uses without dateext",src_2026-09-05_man7-org_auditd-conf-5-linux-manual-page,The rotate option will cause the audit daemon to rotate the logs. It should be noted that logs with higher numbers are older than logs with lower numbers. This is the same convention used by the logrotate utility.,auditd.conf(5) max_log_file_action,A-02,stable,,,
A-02-C010,logrotate's copytruncate (used when a writer cannot be told to close/reopen its log fd) has a documented data-loss window: records written between the copy and the truncate are lost,src_2026-09-05_man7-org_logrotate-8-linux-manual-page,"Truncate the original log file to zero size in place after creating a copy, instead of moving the old log file and optionally creating a new one. It can be used when some program cannot be told to close its logfile and thus might continue writing (appending) to the previous log file forever. Note that there is a very small time slice between copying the file and truncating it, so some logging data might be lost.",logrotate(8) copytruncate,A-02,stable,,,
A-02-C011,"logrotate's dateext option requires the resulting date-stamped filename to be lexically sortable in chronological order (year-month-day order), because logrotate sorts filenames lexically to determine rotation age/removal order",src_2026-09-05_man7-org_logrotate-8-linux-manual-page,"Note that the datestamps generated by this format must be lexically sortable (that is first the year, then the month then the day. For example 2001/12/01 is ok, but 01/12/2001 is not, since 01/11/2002 would sort lower while it is later). This is because when using the rotate option, logrotate sorts all rotated filenames to find out which logfiles are older and should be removed.",logrotate(8) dateformat,A-02,stable,,,
A-02-C012,"HashiCorp Vault's file audit device deliberately does not implement its own log rotation, deferring to external rotation tools, and supports safe external rotation via SIGHUP which makes Vault close and reopen the underlying file (the rename-then-recreate pattern, avoiding copytruncate's data-loss window)",src_2026-09-05_developer-hashicorp-com_file-audit-device-hashicorp-vault-docs,"The device does not currently assist with any log rotation. There are very stable and feature-filled log rotation tools already, so we recommend using existing tools. Sending a SIGHUP to the Vault process will cause file audit devices to close and re-open their underlying file, which can assist with log rotation needs.","Vault file audit device docs, Log file rotation",A-02,stable,,,
A-02-C013,"Bun's documented file-write API (Bun.write, FileSink) exposes no O_APPEND/append mode, no fsync/O_DSYNC option, and no documented durability guarantee beyond the underlying write() syscall — flush() only pushes the FileSink's internal buffer to the OS, not disk",src_2026-09-05_bun-sh_file-i-o-bun-docs,"The FileSink buffers these chunks internally. To flush the buffer to disk, use .flush(). This returns the number of flushed bytes.","Bun docs, Incremental writing with FileSink",A-02,volatile,,,
A-02-C014,"AWS CloudTrail's own log filename convention embeds an ISO-ordered UTC timestamp (YYYYMMDDTHHmmZ) directly after account/region so that filenames sort lexically in chronological order, illustrating the same date-prefix pattern logrotate's dateext requires",src_2026-09-05_docs-aws-amazon-com_cloudtrail-log-file-examples-aws-cloudtrail,"The YYYY, MM, DD, HH, and mm are the digits of the year, month, day, hour, and minute when the log file was delivered. Hours are in 24-hour format. The Z indicates that the time is in UTC.",CloudTrail log file name format,A-02,stable,,,
A-03-C001,"GNU tac reverses a file's records (lines, by default) without an intrinsic seek-optimization documented on the tac manual page itself; it copies each file to stdout reversing the records in each separately.",src_2026-09-05_gnu-org_tac-concatenate-and-write-files-in-reverse-gnu-coreutils-man,"copies each file ('-' means standard input), or standard input if none are given, to standard output, reversing the records (lines by default) in each separately.",Overview,A-03,stable,,,
A-03-C002,"The read-last-lines-ts npm package reads the last N lines of a file using an internal fixed-size buffer (default 4096 bytes) read backward from the end, with the buffer length tunable per call.",src_2026-09-05_raw-githubusercontent-com_read-last-lines-ts-readme,You can specify a buffer length (default is 4096) ─ example: 50 chars at a time!,CommonJS syntax code sample,A-03,slow,,,
A-03-C003,"Pogreb's write-ahead log is split into append-only segments capped at 4 GB; once a segment fills it becomes read-only and a new segment is opened, which bounds how much of the log any single file grows to.",src_2026-09-05_github-com_pogreb-design-document-wal-on-disk-hash-index,"The WAL consists of multiple append-only segments. Once the current segment file is full (reaches 4 GB), a new segment is created, the full segment becomes read-only.",Write-ahead log,A-03,stable,,,
A-03-C004,"Pogreb's sidecar index stores, per key, a Segment ID (2 bytes) and a byte Offset (4 bytes) into that WAL segment, i.e. exactly the {segment, offset} addressing scheme that lets it seek directly to a record instead of scanning the log.",src_2026-09-05_github-com_pogreb-design-document-wal-on-disk-hash-index,"A slot contains the hash, the size of the key, the value size and a 32-bit offset of the key-value pair in the WAL.",Slot,A-03,stable,,,
A-03-C005,"A lost or discarded Pogreb index is rebuilt in a single linear pass: on crash recovery the index is discarded and the WAL is replayed oldest-to-newest, reinserting every record into a fresh index.",src_2026-09-05_github-com_pogreb-design-document-wal-on-disk-hash-index,"In the event of a crash caused by a power loss or an operating system failure, Pogreb discards the index and replays the WAL building a new index from scratch. Segments are iterated from the oldest to the newest and items are inserted into the index.",Recovery,A-03,stable,,,
A-03-C006,"Pogreb's own documented limitation: because one hash table indexes all WAL segments together, full index rebuild after a crash 'may be impractical for large databases' -- a single shared sidecar index does not scale its rebuild time independently of total log size.",src_2026-09-05_github-com_pogreb-design-document-wal-on-disk-hash-index,"having a single hash table shared across all WAL segments makes the recovery process require rebuilding the entire index, which may be impractical for large databases.",Limitations,A-03,stable,,,
A-03-C007,"zindex builds a separate sidecar index file (file.gz.zindex) alongside a compressed log, plus embedded decompression checkpoints, so that pulling a single line by index or by line number is 'almost instant, even for huge files'; without such an index, tools like zgrep must seek through all preceding data.",src_2026-09-05_raw-githubusercontent-com_zindex-readme-index-compressed-line-based-text-files,"to find a particular record requires zgrep, which takes ages as it has to seek through gigabytes of previous data to get to each record.",The itch I had,A-03,stable,,,
A-03-C008,The documented cost of a zindex sidecar index is small relative to the log it indexes: typically about 10% of the compressed file's size for a simple unique numeric index.,src_2026-09-05_raw-githubusercontent-com_zindex-readme-index-compressed-line-based-text-files,"The indices themselves are small too, typically ~10% of the compressed file size for a simple unique numeric index.",The itch I had,A-03,stable,,,
A-03-C009,"systemd-journald is a real, documented system that gives each user their own append-only per-user log file: by default every user (outside system/dynamic-service UID ranges) gets their own set of journal files under /var/log/journal/, access-controlled via filesystem ACLs rather than file ownership.",src_2026-09-05_man-archlinux-org_systemd-journald-service-8-man-page,"By default, each user, with a UID outside the range of system users, dynamic service users, and the nobody user, will get their own set of journal files in /var/log/journal/.",ACCESS CONTROL,A-03,stable,,,
A-03-C010,"The per-open-file-handle cost of a many-files design is documented concretely by journald: it caps the number of parallel log streams it will accept at 4096, and further streams beyond that get EPIPE immediately.",src_2026-09-05_man-archlinux-org_systemd-journald-service-8-man-page,"Currently, the number of parallel log streams systemd-journald will accept is limited to 4096. When this limit is reached further log streams may be established but will receive EPIPE right from the beginning.",DESCRIPTION,A-03,slow,,,
A-03-C011,"journald's rotation/append model never rewrites a file it stops writing to: when journald ceases writing to a journal file it renames it with an @suffix and treats it as archived and immutable, and both active and archived files are documented as safe to read or copy concurrently.",src_2026-09-05_man-archlinux-org_systemd-journald-service-8-man-page,"In general, it is safe to read or copy any journal file (active or archived). journalctl(1) and the functions in the sd-journal(3) library should be able to read all entries that have been fully written.",FILES,A-03,stable,,,
A-03-C012,"ext4's hashed-btree directory index (htree) -- the mechanism that keeps lookups in a huge directory from degrading to linear scans -- has a hard depth cap: at most 2 levels normally, or 3 levels if the INCOMPAT_LARGEDIR feature is enabled, which bounds how many entries a single directory can index efficiently before the design (one-file-per-user or one-file-per-day) needs subdirectory sharding.",src_2026-09-05_docs-kernel-org_4-3-directory-entries-the-linux-kernel-documentation-ext4,Cannot be larger than 3 if the INCOMPAT_LARGEDIR feature is set; cannot be larger than 2 otherwise.,Hash Tree Root (dx_root),A-03,slow,,,
A-03-C013,"Bun's own file API exposes BunFile.stream() returning a web-standard ReadableStream for reading a file incrementally rather than loading it whole, and a separate FileSink for incremental buffered writes -- the streaming primitives a JSONL audit log would use -- but Bun's documentation gives no file-size- or hardware-qualified throughput number for line-by-line JSON parsing (its only cited number, '2x faster than GNU cat', names neither file size nor hardware).",src_2026-09-05_bun-sh_file-i-o-bun-docs,It runs 2x faster than GNU cat for large files on Linux.,Benchmarks,A-03,volatile,,,
B-01-C001,"A plugin's before/after hooks can be matched against any request path in the Better Auth instance (via context.path), including endpoints the plugin itself did not define.",src_2026-09-04_better-auth-com_plugins-better-auth,"matcher: (context) => {
                    return context.path === ""/sign-up/email""","Hooks section, after hook example",B-01,stable,,,
B-01-C002,"Plugin middlewares only run when the endpoint is called through a client API request; if the endpoint is invoked directly (server-side function call), the middleware does not run.",src_2026-09-04_better-auth-com_plugins-better-auth,"Unlike hooks, middleware only runs on `api` requests from a client. If the endpoint is invoked directly, the middleware will not run.",Middleware section,B-01,stable,,,
B-01-C003,"requireResourceOwnership is documented as a middleware that loads a resource by ID and verifies it belongs to the authenticated user, intended for use after sessionMiddleware on endpoints operating on user-owned models.",src_2026-09-04_better-auth-com_plugins-better-auth,A middleware that loads a resource by ID and verifies that it belongs to the authenticated user. Use it after `sessionMiddleware` for endpoints that operate on user-owned models.,"Server-plugin helper functions, requireResourceOwnership",B-01,stable,,,
B-01-C004,"requireOrgRole is documented as verifying the user is a member of a specific organization and, optionally, has one of a set of allowed roles; it does not check permissions on an arbitrary sub-resource.",src_2026-09-04_better-auth-com_plugins-better-auth,"A middleware that verifies the authenticated user is a member of a specific organization and, optionally, has one of a set of allowed roles. Use it after `sessionMiddleware` for organization-scoped endpoints.","Server-plugin helper functions, requireOrgRole",B-01,stable,,,
B-01-C005,"requireResourceOwnership and requireOrgRole are used inside the use array of createAuthEndpoint, i.e. they are wired into endpoints registered on the Better Auth instance, not into arbitrary application routes.",src_2026-09-04_better-auth-com_plugins-better-auth,"use: [
                    sessionMiddleware,
                    requireResourceOwnership({
                        model: ""apiKey"",
                        idParam: ""id"",
                        idSource: ""body"",
                    }),
                ],",requireResourceOwnership code example,B-01,stable,,,
B-01-C006,"Better Auth's Dynamic Access Control lets an organization create custom named roles at runtime, but each created role is scoped to one organizationId, not to an arbitrary sub-resource such as a project.",src_2026-09-05_better-auth-com_organization-better-auth,"await authClient.organization.createRole({
  role: ""my-unique-role"",
  permission: permission,
  organizationId: ""organization-id""
})","Dynamic Access Control, Create Custom Role",B-01,slow,,,
B-01-C007,"The Organization Role table created for Dynamic Access Control stores role, permission and organizationId (a foreign key to Organization) - there is no project-id or other sub-resource column.",src_2026-09-05_better-auth-com_organization-better-auth,| organizationId | string | FK | Organization ID |,"Database Schema, Organization Role Table (Dynamic Access Control)",B-01,slow,,,
B-01-C008,Teams in the organization plugin are managed via fixed team:create/team:update/team:delete permissions - the docs do not describe assigning arbitrary custom resource-level permissions per team.,src_2026-09-05_better-auth-com_organization-better-auth,"Required permissions for team management:
- **team:create** - Create new teams
- **team:update** - Update team details
- **team:delete** - Remove teams","Teams, Team Permissions",B-01,slow,,,
B-01-C009,"The admin plugin's default permission model is two fixed resources (user, session) each with a fixed static list of actions, checked purely by role; there is no per-object or per-instance scoping.",src_2026-09-05_better-auth-com_admin-better-auth,"By default, there are two resources with the following permissions.

**user**: `create` `list` `set-role` `ban` `impersonate` `impersonate-admins` `delete` `set-password` `set-email` `get` `update`

**session**: `list` `revoke` `delete`","Access Control, Permissions",B-01,stable,,,
B-01-C010,"checkRolePermission checks what permissions are assigned to a named role, not the permissions of the currently logged-in user on a specific object; it is a static, synchronous role-to-permission lookup.",src_2026-09-05_better-auth-com_admin-better-auth,"Note that this function does **not** check the permissions of the currently logged-in user directly. Instead, it checks what permissions are assigned to a specified role.","Access Control Usage, Check Role Permission",B-01,stable,,,
B-01-C011,"databaseHooks are documented only for the user, session and account models' create/update/delete lifecycle - there is no documented hook for an arbitrary application/join table such as a project-permission table.",src_2026-09-05_better-auth-com_database-better-auth,"Database hooks allow you to define custom logic that can be executed during the lifecycle of core database operations in Better Auth. You can create hooks for the following models: **user**, **session**, and **account**.",Database Hooks intro,B-01,stable,,,
B-01-C012,"The customSession plugin only changes what getSession/useSession return (it can attach extra fields like roles); it is described purely as a response-shaping mechanism, not as an enforcement/gating mechanism.",src_2026-09-04_better-auth-com_session-management-better-auth,The `customSession` plugin modifies `getSession` and `useSession` responses:,Customizing Session Response,B-01,slow,,,
B-01-C013,"customSession's added fields are not cached - the callback re-runs on every session fetch - so a per-project permission computed there is a fresh advisory field, not a decision Better Auth itself enforces on non-Better-Auth endpoints.",src_2026-09-04_better-auth-com_session-management-better-auth,Custom fields aren't cached; the callback runs on each fetch,"Customizing Session Response, Caveats",B-01,slow,,,
B-01-C014,"In the actual requireResourceOwnership source, ownership is a single-column equality check (resource[ownerField] !== session.user.id) against one row fetched by its own primary key id - it has no notion of a permission level (read/write/delete) and no support for a composite/join-table key such as (projectId, userId).",src_2026-09-05_raw-githubusercontent-com_authorization-ts-requireresourceownership-requireorgrole-sou,"if ((resource as Record<string, unknown>)[ownerField] !== session.user.id) {","authorization.ts, requireResourceOwnership body",B-01,stable,,,
B-01-C015,"requireResourceOwnership fetches the resource with adapter.findOne matching only the row's own id field to a single idParam value - it cannot look up a row by a compound key like (projectId, personId), which a project/person permission join table would need.",src_2026-09-05_raw-githubusercontent-com_authorization-ts-requireresourceownership-requireorgrole-sou,"const resource = await ctx.context.adapter.findOne({
		model: config.model,
		where: [{ field: ""id"", value: resourceId }],
	});","authorization.ts, requireResourceOwnership body",B-01,stable,,,
B-01-C016,"requireResourceOwnership and requireOrgRole are built with createAuthMiddleware and depend on ctx.context.session/ctx.context.adapter/ctx.context.hasPlugin, i.e. they only function inside Better Auth's own endpoint/middleware context - they cannot be dropped into an unrelated Express/Bun route handler without that context.",src_2026-09-05_raw-githubusercontent-com_authorization-ts-requireresourceownership-requireorgrole-sou,"import { createAuthMiddleware } from ""@better-auth/core/api"";","authorization.ts, imports",B-01,stable,,,
B-01-C017,"In the actual createAccessControl/role source, authorize() resolves permissions purely via a synchronous, static lookup (statements[requestedResource]) into the object passed to createAccessControl at setup time - there is no async call, no database lookup, and no parameter anywhere in the function for a runtime resource-instance id.",src_2026-09-05_raw-githubusercontent-com_access-ts-createaccesscontrol-role-authorize-source-better-a,const allowedActions = statements[requestedResource];,"access.ts, role().authorize()",B-01,stable,,,
B-01-C018,"requireResourceOwnership fetches the resource with adapter.findOne matching only the row's own id field to a single idParam value - it cannot look up a row by a compound key like (projectId, personId), which a project/person permission join table would need.",src_2026-09-05_raw-githubusercontent-com_authorization-ts-requireresourceownership-requireorgrole-sou,"const resource = await ctx.context.adapter.findOne({
			model: config.model,
			where: [{ field: ""id"", value: resourceId }],
		});","authorization.ts, requireResourceOwnership body",B-01,stable,,,
B-02-C001,tablesFilter accepts glob string(s) to exclude/include named tables from drizzle-kit's management,src_2026-09-05_orm-drizzle-team_drizzle-kit-configuration-file-tablesfilter-schemafilter-bre,"tablesFilter option lets you specify glob based table names filter, e.g. [""users"", ""user_info""] or ""user*""","drizzle-config-file.mdx, tablesFilter section",B-02,stable,,,
B-02-C002,"The --> statement-breakpoint marker is inserted by drizzle-kit because SQLite (and MySQL) cannot run multiple DDL statements in one transaction the way Postgres can, and the breakpoints config flag (default true) controls this",src_2026-09-05_orm-drizzle-team_drizzle-kit-configuration-file-tablesfilter-schemafilter-bre,"Drizzle Kit will automatically embed --> statement-breakpoint into generated SQL migration files, that's necessary for databases that do not support multiple DDL alternation statements in one transaction(MySQL and SQLite).","drizzle-config-file.mdx, breakpoints section",B-02,stable,,,
B-02-C003,The fix for drizzle-kit prompting to delete SQLite internal tables only excludes objects whose name begins with the reserved sqlite_ prefix; FTS5 shadow tables use a different naming pattern (_data/_idx/_content/_docsize/_config suffixes) and are not covered by that fix,src_2026-09-05_github-com_drizzle-issue-3979-drizzle-kit-push-prompts-to-delete-sqlite,"Their names will begin with ""sqlite_"" and it's not possible for user code to create schema objects with this prefix.","issue 3979, original bug report, Desired result paragraph",B-02,slow,,,
B-02-C004,Drizzle Studio throws an unexpected SQL error when opening the _config shadow table of an FTS5 virtual table,src_2026-09-04_github-com_bug-unexpected-error-when-open-fts-config-table-3235,SQL_INPUT_ERROR: SQL input error: no such column: rowid (at offset 17),"issue 3235, original bug report",B-02,volatile,,,
B-02-C005,"tablesFilter and schemaFilter in drizzle.config.ts apply only to push and pull, not to generate",src_2026-09-05_orm-drizzle-team_drizzle-kit-configuration-file-tablesfilter-schemafilter-bre,drizzle-kit push and drizzle-kit pull will by default manage all tables in public schema.,"drizzle-config-file.mdx, tablesFilter section (table lists commands: push pull only)",B-02,stable,,,
B-02-C006,drizzle-kit push detects tables that exist in the database but not in the schema and interactively prompts to DROP them as a data-loss statement,src_2026-09-05_github-com_drizzle-issue-3979-drizzle-kit-push-prompts-to-delete-sqlite,You're about to delete sqlite_stat1 table with 28 items,"issue 3979, original bug report code block",B-02,stable,,,
B-02-C007,The interactive push prompt explicitly warns that the data-loss action cannot be reverted,src_2026-09-05_github-com_drizzle-issue-3979-drizzle-kit-push-prompts-to-delete-sqlite,THIS ACTION WILL CAUSE DATA LOSS AND CANNOT BE REVERTED,"issue 3979, original bug report code block",B-02,stable,,,
B-02-C008,"drizzle-kit generate --custom produces one empty timestamped .sql file that the developer fills in by hand, intended for DDL not supported by drizzle-kit or for data seeding",src_2026-09-04_orm-drizzle-team_drizzle-orm-custom-migrations,"Drizzle lets you generate empty migration files to write your own custom SQL migrations for DDL alternations currently not supported by Drizzle Kit or data seeding, which you can then run with drizzle-kit migrate command.",kit-custom-migrations.mdx,B-02,stable,,,
B-02-C009,"Drizzle's readMigrationFiles splits each migration .sql file on the literal string --> statement-breakpoint, not on semicolons, so a CREATE TRIGGER ... BEGIN ... END; block with internal semicolons is never broken apart by the splitter",src_2026-09-05_raw-githubusercontent-com_drizzle-orm-migrator-ts-source-readmigrationfiles-statement,const result = query.split('--> statement-breakpoint').map((it) => {,"drizzle-orm/src/migrator.ts, readMigrationFiles",B-02,stable,,,
B-02-C010,"The sql tagged template moves interpolated dynamic values into a separate parameter array rather than inlining them into the SQL text, which the documentation states prevents SQL injection",src_2026-09-05_orm-drizzle-team_drizzle-orm-magical-sql-operator-doc-page,This approach effectively prevents any potential SQL Injection vulnerabilities.,"sql.mdx, sql template section",B-02,stable,,,
B-02-C011,"sql.raw() explicitly inserts raw SQL text with no parameterization or escaping, unlike the sql template",src_2026-09-05_orm-drizzle-team_drizzle-orm-magical-sql-operator-doc-page,The sql.raw() function allows you to include raw SQL statements within your queries without any additional processing or escaping.,"sql.mdx, sql.raw() section",B-02,stable,,,
B-02-C012,sql<T> is documented as a compile-time-only type hint with no runtime value mapping or validation,src_2026-09-05_orm-drizzle-team_drizzle-orm-magical-sql-operator-doc-page,Please note that sql<T> does not perform any runtime mapping.,"sql.mdx, sql<T> section",B-02,stable,,,
B-02-C013,"The SQLite sync dialect's migrate() runs every statement in a migration file one at a time via session.run(sql.raw(stmt)), inside the migration loop",src_2026-09-05_raw-githubusercontent-com_drizzle-orm-sqlite-core-dialect-ts-source-sqlitesyncdialect,"for (const stmt of migration.sql) {
					session.run(sql.raw(stmt));
				}","drizzle-orm/src/sqlite-core/dialect.ts, SQLiteSyncDialect.migrate",B-02,stable,,,
B-02-C014,drizzle-orm/bun-sqlite documents providing an existing bun:sqlite Database instance via drizzle({client: sqlite}),src_2026-09-05_orm-drizzle-team_drizzle-bun-sqlite-driver-doc-page,If you need to provide your existing driver:,"connect-bun-sqlite.mdx, Step 2",B-02,stable,,,
B-02-C015,drizzle-orm/bun-sqlite is documented as natively supported with both async and sync query APIs mirroring bun:sqlite's own all/get/values/run methods,src_2026-09-05_orm-drizzle-team_drizzle-bun-sqlite-driver-doc-page,"for synchronous drivers like bun:sqlite we have both async and sync APIs and we mirror most popular SQLite-like all, get, values and run query methods syntax","connect-bun-sqlite.mdx, intro paragraph",B-02,stable,,,
G-01-C001,"Issue #31247 reports bun:sqlite on macOS arm64 (Bun 1.3.14 stable and 1.4.0-canary) returns sqlite_version() 3.43.2, not the 3.53.0 claimed by the Bun v1.3.14 blog post.",src_2026-09-05_github-com_bun-sqlite-on-macos-arm64-still-ships-sqlite-3-43-2-in-bun-1,This is a full 10 minor versions behind the claimed version.,"Issue body, 'What do you see instead?' section",G-01,volatile,,,
G-01-C002,"The reporter of #31247 says SQLite 3.43.2 has a bug where any UPDATE or DELETE on an FTS5 virtual table throws 'database disk image is malformed' (errno 267), and that this forced them to downgrade from FTS5 to FTS4.",src_2026-09-05_github-com_bun-sqlite-on-macos-arm64-still-ships-sqlite-3-43-2-in-bun-1,"SQLite 3.43.2 contains a critical FTS5 bug where any UPDATE or DELETE on an FTS5 virtual table causes SQLITE_CORRUPT_VTAB (errno 267) with the message ""database disk image is malformed"".","Issue body, 'Additional context' section",G-01,volatile,,,
G-01-C003,"As of the fetch (Sept 2026) issue #31247 is Open, has no visible comments, no maintainer reply, and no linked pull request.",src_2026-09-05_github-com_bun-sqlite-on-macos-arm64-still-ships-sqlite-3-43-2-in-bun-1,"The ""Development"" section explicitly states ""No branches or pull requests,"" and no linked PRs section is present.",Supplementary check section,G-01,volatile,,,
G-01-C004,"Bun's own docs state that on macOS, Bun uses Apple's system-provided SQLite (not its own bundled build), while on Linux and Windows Bun statically links its own SQLite build.",src_2026-09-05_bun-com_sqlite-bun-docs,"macOS: Bun uses the system-provided SQLite, which Apple builds with persistent WAL enabled.",WAL mode > WAL sidecar file cleanup,G-01,slow,,,
G-01-C005,"Bun's docs confirm the Linux/Windows build uses Bun's own statically-linked SQLite following upstream defaults, distinct from the macOS system-SQLite path.",src_2026-09-05_bun-com_sqlite-bun-docs,"Linux and Windows: Bun statically links its own SQLite build, which follows upstream defaults.",WAL mode > WAL sidecar file cleanup,G-01,slow,,,
G-01-C006,"Bun's docs say Apple's proprietary system SQLite on macOS does not support loading extensions by default, and Database.setCustomSQLite(path) is the documented way to point bun:sqlite at a different SQLite library (a no-op on non-macOS platforms).",src_2026-09-05_bun-com_sqlite-bun-docs,"By default, macOS ships with Apple's proprietary build of SQLite, which doesn't support extensions. To use extensions, install a vanilla build of SQLite.",'.loadExtension()' section,G-01,slow,,,
G-01-C007,"The docs specify setCustomSQLite must be called before creating any Database instances, takes a path to the .dylib (not the executable), and is a no-op on operating systems other than macOS.",src_2026-09-05_bun-com_sqlite-bun-docs,"To point `bun:sqlite` to the new build, call `Database.setCustomSQLite(path)` before creating any `Database` instances. (On other operating systems, this is a no-op.) Pass a path to the SQLite `.dylib` file, *not* the executable.",'.loadExtension()' section,G-01,slow,,,
G-01-C008,"A second, independent FTS5 defect (#37044) was reported in Aug 2026: bun:sqlite segfaults tearing down FTS5 virtual tables on Database.close(), reproducing on both macOS and against multiple different SQLite library builds (system 3.51.0 and homebrew 3.49.1) — i.e. not caused by an old bundled SQLite version.",src_2026-09-05_github-com_bun-sqlite-segfaults-in-fts5-vtab-teardown-on-database-close,Not the sqlite library's fault: crashes identically against the system `libsqlite3.dylib` (3.51.0) and against homebrew sqlite 3.49.1 loaded via `DYLD_LIBRARY_PATH`,"Issue body, 'Additional information'",G-01,volatile,,,
G-01-C009,"Issue #37044 (FTS5 segfault on close) was fixed same-day by merged PR #37045, described as a use-after-free in Bun's own statement-tracking/close logic, not in SQLite itself, and the PR states it reproduces on both Linux and macOS.",src_2026-09-05_github-com_bun-sqlite-fix-use-after-free-closing-a-database-with-fts5-t,Crashes in `sqlite3Fts5IndexClose` / `fts5DisconnectMethod` under `sqlite3_close`. Reproduces on Linux and macOS; ASAN reports a heap-use-after-free,"PR body, 'Repro' section",G-01,volatile,,,
G-01-C010,"An earlier, structurally identical report (#24957, Nov 2025) documented Bun 1.3.3 on macOS still showing SQLite 3.37.0 despite release notes claiming 3.51.0; it was closed as a duplicate of #16717, showing this is a recurring, unresolved pattern rather than a one-off.",src_2026-09-05_github-com_bun-sqlite-on-macos-still-shows-sqlite-3-37-0-in-bun-1-3-3-i,"According to the Bun v1.3.3 release notes, `bun:sqlite` has been updated to SQLite 3.51.0. However, on macOS the SQLite version remains 3.37.0",Issue body,G-01,stable,,,
G-02-C001,"Better Auth's docs frame before/after hooks as adjustments to an existing Better Auth endpoint, explicitly contrasted with making a separate endpoint outside Better Auth -- implying hooks are not the mechanism for protecting an application's own (non-Better-Auth) routes.",src_2026-09-04_better-auth-com_hooks-better-auth,We highly recommend using hooks if you need to make custom adjustments to an endpoint rather than making another endpoint outside of Better Auth.,"Hooks page, section 'Hooks'",G-02,stable,,,
G-02-C002,"The hook context's ctx.path property refers to the current Better Auth endpoint path (e.g. /sign-up/email, /sign-in/email, /reset-password) -- every documented hook example branches on ctx.path values that are Better Auth's own auth endpoints, never an application route.",src_2026-09-04_better-auth-com_hooks-better-auth,**Path:** `ctx.path` to get the current endpoint path.,"Hooks page, section 'Ctx'",G-02,stable,,,
G-02-C003,"Better Auth's plugin-level middleware (a related mechanism to hooks) is explicitly documented to run only on API requests handled by the Better Auth handler, not on direct/arbitrary invocation -- reinforcing that Better Auth's request-interception mechanisms operate within its own endpoint/handler surface, not on arbitrary application routes.",src_2026-09-04_better-auth-com_plugins-better-auth,"Unlike hooks, middleware only runs on `api` requests from a client. If the endpoint is invoked directly, the middleware will not run.","Plugins page, section 'Middleware'",G-02,stable,,,
G-02-C004,"requireResourceOwnership is documented as a named, importable helper (from better-auth/api) inside the Plugins guide's 'Server-plugin helper functions' section -- i.e. it is presented as an exported middleware for use inside a plugin's own createAuthEndpoint definitions (via the endpoint's use: [] array), not as a general-purpose middleware for arbitrary application routes.",src_2026-09-04_better-auth-com_plugins-better-auth,A middleware that loads a resource by ID and verifies that it belongs to the authenticated user. Use it after `sessionMiddleware` for endpoints that operate on user-owned models.,"Plugins page, section 'Server-plugin helper functions' / requireResourceOwnership",G-02,stable,,,
G-02-C005,"requireResourceOwnership checks a single, configurable owner column (ownerField) on one named model/table, matched against the authenticated user id -- not an arbitrary predicate or a per-project multi-role permission check.",src_2026-09-04_better-auth-com_plugins-better-auth,"Use `ownerField` if your model stores the owner under a different field name, and `notFoundError` or `forbiddenError` if you want to return plugin-specific error codes.","Plugins page, section 'requireResourceOwnership'",G-02,stable,,,
G-02-C006,"Better Auth's own Next.js integration guide documents the recommended pattern for protecting the application's own pages/routes/server actions: calling auth.api.getSession({ headers }) directly, and explicitly warns that a cookie-existence check alone is insecure and that session validation must happen in the application's own request layer for every protected action or page -- not via a Better Auth hook.",src_2026-09-05_better-auth-com_next-js-integration-better-auth,"**Security Warning:** The `getSessionCookie` function only checks for the existence of a session cookie; it does **not** validate it. Relying solely on this check for security is dangerous, as anyone can manually create a cookie to bypass it. You must always validate the session on your server for any protected actions or pages.","Next.js integration page, section 'Cookie-based checks (recommended for all versions)'",G-02,stable,,,
G-02-C007,"Better Auth documents auth.api.getSession({ headers }) as directly callable inside RSCs, server actions, and framework middleware/proxy to authenticate a request to the application's own routes, distinct from and outside any hooks mechanism.",src_2026-09-05_better-auth-com_next-js-integration-better-auth,The `api` object exported from the auth instance contains all the actions that you can perform on the server. Every endpoint made inside Better Auth is invocable as a function. Including plugins endpoints.,"Next.js integration page, section 'RSC and Server actions'",G-02,stable,,,
G-02-C008,"Better Auth's documented way to attach application data to the session/user object returned by getSession is the customSession plugin, which wraps user/session and lets you add arbitrary fields (e.g. roles) computed from your own data.",src_2026-09-04_better-auth-com_session-management-better-auth,Use the `customSession` plugin to customize `getSession` and `useSession` responses:,"Session Management page, section 'Customizing Session Response'",G-02,stable,,,
G-02-C009,"Better Auth documents that customSession's added fields are NOT covered by session caching (cookie cache or secondary storage) -- the custom function re-runs on every fetch, which is a documented cost/staleness tradeoff of extending the session this way.",src_2026-09-04_better-auth-com_session-management-better-auth,Session caching (secondary storage or cookie cache) doesn't include custom fields; custom session functions are called on each fetch,"Session Management page, section 'Caveats on Customizing Session Response'",G-02,stable,,,
G-02-C010,"Better Auth's documented mechanism for extending the user/session tables with application data (e.g. a role or per-project relation) is additionalFields on the user or session object in auth config, which the CLI migrates and which is inferred in getSession/useSession/signUp responses.",src_2026-09-05_better-auth-com_database-better-auth,"Better Auth provides a type-safe way to extend the `user` and `session` schemas. You can add custom fields to your auth config, and the CLI will automatically update the database schema. These additional fields will be properly inferred in functions like `useSession`, `signUp.email`, and other endpoints that work with user or session objects.","Database page, section 'Extending Core Schema'",G-02,stable,,,
G-02-C011,"Better Auth documents input:false as the way to mark a field (such as role) as server-owned, so end users cannot set it themselves via API input -- a documented safeguard when extending the session/user with authorization-relevant data.",src_2026-09-05_better-auth-com_database-better-auth,"`input`: Whether Better Auth accepts the field when creating or updating a record (default: `true`). For user fields, this includes values from API input and `mapProfileToUser`. Set this to `false` for server-owned fields such as `role`.","Database page, section 'Extending Core Schema'",G-02,stable,,,
SQ-01-C001,"POSIX rename() atomically replaces the destination file if it already exists, so no process ever observes newpath as missing during the operation",src_2026-09-04_man7-org_rename-2-linux-manual-page,"If newpath already exists, it will be atomically replaced, so that there is no point at which another process attempting to access newpath will find it missing.",rename(2) DESCRIPTION,SQ-01,stable,,,
SQ-01-C002,rename() cannot cross mount points/filesystems on Linux; oldpath and newpath must be on the same mounted filesystem or it fails with EXDEV,src_2026-09-04_man7-org_rename-2-linux-manual-page,"oldpath and newpath are not on the same mounted filesystem. (Linux permits a filesystem to be mounted at multiple points, but rename() does not work across different mount points, even if the same filesystem is mounted on both.)",rename(2) ERRORS / EXDEV,SQ-01,stable,,,
SQ-01-C003,"On NFS, rename() is not safe to assume failed just because it returned an error, because a server crash plus RPC retransmission can cause a spurious failure report for a rename that actually succeeded",src_2026-09-04_man7-org_rename-2-linux-manual-page,"On NFS filesystems, you cannot assume that if the operation failed, the file was not renamed. If the server does the rename operation and then crashes, the retransmitted RPC causes a failure",rename(2) BUGS,SQ-01,stable,,,
SQ-01-C004,"The write-new-file-then-rename technique is the standard userspace method applications use for atomic file updates on Linux, as opposed to in-place writes",src_2026-09-04_lwn-net_a-way-to-do-atomic-writes-lwn-lsfmm-2019,"Either they use ""weird user-space locking schemes"", as databases typically do, or they write an entirely new file, then do an ""atomic rename trick"" to ensure the data is in place.","LWN 789600, para 2",SQ-01,stable,,,
SQ-01-C005,"Applications commonly misuse fsync() around the rename trick and end up losing data anyway, according to kernel filesystem developers",src_2026-09-04_lwn-net_a-way-to-do-atomic-writes-lwn-lsfmm-2019,"Unfortunately, the applications often do not use fsync() correctly, so they lose their data anyway.","LWN 789600, para 2",SQ-01,stable,,,
SQ-01-C006,fsync() does not guarantee the directory entry for the file has reached disk; a separate fsync() on a file descriptor for the parent directory is required for that,src_2026-09-04_man7-org_fsync-2-linux-manual-page,Calling fsync() does not necessarily ensure that the entry in the directory containing the file has also reached disk. For that an explicit fsync() on a file descriptor for the directory is also needed.,fsync(2) DESCRIPTION,SQ-01,stable,,,
SQ-01-C007,flock() locks are advisory only: a process with suitable permissions can simply ignore them and do I/O on the file anyway,src_2026-09-04_man7-org_flock-2-linux-manual-page,"flock() places advisory locks only; given suitable permissions on a file, a process is free to ignore the use of flock() and perform I/O on the file.",flock(2) NOTES,SQ-01,stable,,,
SQ-01-C008,"flock() over NFS was unsupported until Linux 2.6.12, when it began being emulated as fcntl byte-range locks over the whole file, meaning flock and fcntl locks interact with each other on NFS",src_2026-09-04_man7-org_flock-2-linux-manual-page,"Since Linux 2.6.12, NFS clients support flock() locks by emulating them as fcntl(2) byte-range locks on the entire file. This means that fcntl(2) and flock() locks do interact with one another over NFS.",flock(2) NFS details,SQ-01,stable,,,
SQ-01-C009,"flock() over SMB/CIFS was not propagated to remote clients at all until Linux 5.5, and after that point behaves as mandatory (not advisory) locking, unlike local flock semantics",src_2026-09-04_man7-org_flock-2-linux-manual-page,"Since Linux 5.5, flock() locks are emulated with SMB byte-range locks on the entire file. ... Another important side-effect is that the locks are not advisory anymore: any IO on a locked file will always fail with EACCES when done from a separate file descriptor.",flock(2) CIFS details,SQ-01,stable,,,
SQ-01-C010,"write-file-atomic runs an fsync by default before the rename, and this can be disabled via an explicit option for performance",src_2026-09-04_raw-githubusercontent-com_write-file-atomic-readme-npm-write-file-atomic,"If the **fsync** option is **false**, writeFile will skip the final fsync call.","write-file-atomic README, Options",SQ-01,slow,,,
SQ-01-C011,"write-file-atomic serializes concurrent writes aimed at the same filename within one process into an in-memory queue, rather than letting them race",src_2026-09-04_raw-githubusercontent-com_write-file-atomic-readme-npm-write-file-atomic,"If multiple writes are concurrently issued to the same file, the write operations are put into a queue and serialized in the order they were called, using Promises.","write-file-atomic README, writeFileAtomic Usage",SQ-01,slow,,,
SQ-01-C012,"As of Bun 1.3.14, the S3-to-file streaming form of Bun.write does not truncate a pre-existing larger destination file, leaving stale trailing bytes beyond the new content's length, even though other Bun.write forms (buffer source, file-to-file) do truncate correctly",src_2026-09-04_github-com_bun-write-does-not-truncate-a-larger-existing-destination-fi,The first 4MB are overwritten but the file keeps its old length — the remaining 12MB of stale bytes survive. The FileSink used by the S3→file streaming path opens the destination without truncating it.,oven-sh/bun issue #31682,SQ-01,volatile,,,
SQ-01-C013,"The write-file-atomic npm package implements atomicity by writing to a uniquely-named temp file derived from the filename, pid and an invocation counter, then renaming it over the target on success, unlinking the temp file on any error",src_2026-09-04_raw-githubusercontent-com_write-file-atomic-readme-npm-write-file-atomic,"The file is initially named filename + ""."" + murmurhex(__filename, process.pid, ++invocations).","write-file-atomic README, writeFileAtomic Usage",SQ-01,slow,,,
SQ-01-C014,"proper-lockfile uses the mkdir-based locking strategy specifically because mkdir is atomic across all filesystem types including network filesystems, unlike O_EXCL open",src_2026-09-04_raw-githubusercontent-com_proper-lockfile-readme-moxystudio-node-proper-lockfile,"This library utilizes the mkdir strategy which works atomically on any kind of file system, even network based ones.","proper-lockfile README, Design",SQ-01,slow,,,
SQ-01-C015,proper-lockfile's own documentation states that O_EXCL-based locking (used by the older isaacs/lockfile package) is broken on NFS filesystems and creates a race condition,src_2026-09-04_raw-githubusercontent-com_proper-lockfile-readme-moxystudio-node-proper-lockfile,O_EXCL is broken on NFS file systems; programs which rely on it for performing locking tasks will contain a race condition.,"proper-lockfile README, Comparison",SQ-01,slow,,,
SQ-01-C016,"proper-lockfile detects a stale lock by periodically updating the lockfile's mtime while held, and checking that mtime against a stale threshold (default 10000ms, minimum 5000ms) to decide if a lock can be considered abandoned",src_2026-09-04_raw-githubusercontent-com_proper-lockfile-readme-moxystudio-node-proper-lockfile,"When a lock is successfully acquired, the lockfile's mtime (modified time) is periodically updated to prevent staleness. This allows to effectively check if a lock is stale by checking its mtime against a stale threshold.","proper-lockfile README, Design",SQ-01,slow,,,
SQ-01-C017,"proper-lockfile explicitly does not protect against a lockfile being manually removed by an outside actor while it is supposedly held, and someone else then acquiring the lock right after",src_2026-09-04_raw-githubusercontent-com_proper-lockfile-readme-moxystudio-node-proper-lockfile,A lockfile is manually removed and someone else acquires the lock right after,"proper-lockfile README, Compromised",SQ-01,slow,,,
SQ-01-C018,"proper-lockfile does not clean up its lock on a process killed with SIGKILL or a VM fatal crash such as out-of-memory, only on graceful exit",src_2026-09-04_raw-githubusercontent-com_proper-lockfile-readme-moxystudio-node-proper-lockfile,"proper-lockfile automatically removes locks if the process exits, except if the process is killed with SIGKILL or it crashes due to a VM fatal error (e.g.: out of memory).","proper-lockfile README, Graceful exit",SQ-01,slow,,,
SQ-01-C019,"The 2009 ext4 zero-length-file data loss bug happened because ext4's delayed allocation meant a file replaced via truncate/O_TRUNC or rename-over-existing-file could end up with no data blocks allocated yet if the system crashed shortly after, unlike ext3's data=ordered mode which incidentally forced data out within its 5-second commit interval",src_2026-09-04_thunk-org_delayed-allocation-and-the-zero-length-file-problem-theodore,"This solves the most annoying set of problems where an existing file gets rewritten, and thanks to the delayed allocation semantics, that existing file gets replaced with a zero-length file.","tytso blog, 2009-03-12",SQ-01,stable,,,
SQ-01-C020,"On macOS, a plain fsync() call does not guarantee the drive has actually written data to the platter/media; Apple provides a separate F_FULLFSYNC fcntl specifically for applications like databases that need real write-ordering durability guarantees",src_2026-09-04_keith-github-io_fsync-2-apple-darwin-man-page-mirror,"For applications requiring stricter data integrity guarantees, Mac OS X provides the F_FULLFSYNC fcntl option. This requests the drive to flush all buffered data to permanent storage with guaranteed write ordering. Databases and similar applications requiring strict write ordering should use F_FULLFSYNC.","Apple fsync(2) man page mirror, DESCRIPTION",SQ-01,stable,,,
SQ-01-C021,"Ted Ts'o (ext4 maintainer) states that applications worried about losing data on an unclean shutdown must call fsync themselves, because POSIX never guaranteed that a plain write would be durable within any particular time window, regardless of filesystem",src_2026-09-04_thunk-org_delayed-allocation-and-the-zero-length-file-problem-theodore,"Long term, application writers who are worried about files getting lost on an unclean shutdown really should use fsync.","tytso blog, 2009-03-12",SQ-01,stable,,,
SQ-01-C022,"On macOS, a plain fsync() call does not guarantee the drive has actually written data to the platter/media; Apple provides a separate F_FULLFSYNC fcntl specifically for applications like databases that need real write-ordering durability guarantees",src_2026-09-04_keith-github-io_fsync-2-apple-darwin-man-page-mirror,"For applications requiring stricter data integrity guarantees, Mac OS X provides the F_FULLFSYNC fcntl option.","Apple fsync(2) man page mirror, DESCRIPTION",SQ-01,stable,,,
SQ-01-C023,"Even after a successful fsync(), the physical drive itself may still delay or reorder writing data to the actual storage media, so power loss can still leave only some or none of the data written",src_2026-09-04_keith-github-io_fsync-2-apple-darwin-man-page-mirror,"while fsync() flushes data from the host to the drive, the drive itself may delay physically writing data to platters or write it out-of-order","Apple fsync(2) man page mirror, DESCRIPTION",SQ-01,stable,,,
SQ-01-C024,"SQLite's own documentation states that POSIX advisory locking is known to be buggy or unimplemented on many NFS implementations, including recent versions of Mac OS X, and recommends against putting SQLite database files on a network filesystem at all",src_2026-09-04_sqlite-org_file-locking-and-concurrency-in-sqlite-version-3,One should note that POSIX advisory locking is known to be buggy or even unimplemented on many NFS implementations (including recent versions of Mac OS X) and that there are reports of locking problems for network filesystems under Windows. Your best defense is to not use SQLite for files on a network filesystem.,"sqlite.org/lockingv3.html, section 6.0",SQ-01,slow,,,
SQ-01-C025,"SQLite fsyncs the containing directory after creating its journal file on Unix specifically to push the new directory entry to disk, but this defense is incomplete because an unrelated concurrent filesystem operation in the same directory at the moment of a power failure could still cause the journal entry to be lost",src_2026-09-04_sqlite-org_file-locking-and-concurrency-in-sqlite-version-3,"When SQLite creates a journal file on Unix, it opens the directory that contains that file and calls fsync() on the directory, in an effort to push the directory information to disk.","sqlite.org/lockingv3.html, section 6.0",SQ-01,slow,,,
SQ-01-C026,"SQLite documents a real failure mode where a process renames the database file but forgets to also rename its associated journal file, leaving the journal orphaned and unable to be found on next open",src_2026-09-04_sqlite-org_file-locking-and-concurrency-in-sqlite-version-3,Someone (or some process) might rename the database file but fail to also rename its associated journal.,"sqlite.org/lockingv3.html, section 6.0 bullet list",SQ-01,slow,,,
SQ-02-C001,"p-queue's onIdle() only resolves once queue.size===0 and queue.pending===0, i.e. all queued and running promises have completed, not merely that the queue is empty of waiting items.",src_2026-09-04_npmjs-com_p-queue-npm,"Returns a promise that settles when the queue becomes empty, and all promises have completed; queue.size === 0 && queue.pending === 0.","p-queue README, .onIdle() section",SQ-02,stable,,,
SQ-02-C002,async-mutex explicitly documents that failing to call the release callback returned by acquire() will hold the mutex locked and will likely deadlock the application.,src_2026-09-04_raw-githubusercontent-com_async-mutex-readme-github,IMPORTANT: Failure to call `release` will hold the mutex locked and will likely deadlock the application. Make sure to call `release` under all circumstances and handle exceptions accordingly.,"async-mutex README, Manual locking / releasing section",SQ-02,stable,,,
SQ-02-C003,"p-limit's own README warns that calling the same limiter function recursively from inside a task it already limits can deadlock, because the inner call never gets a free concurrency slot.",src_2026-09-04_raw-githubusercontent-com_p-limit-readme-github,Warning: Avoid calling the same `limit` function inside a function that is already limited by it. This can create a deadlock where inner tasks never run. Use a separate limiter for inner tasks.,"p-limit README, limit(fn, ...args) section",SQ-02,stable,,,
SQ-02-C004,mutexify guarantees strict FIFO fairness: the order in which the mutex was requested is the order in which access is granted.,src_2026-09-04_raw-githubusercontent-com_mutexify-readme-github,`mutexify` guarantees that the order that a mutex was requested in is the order that access will be given.,"mutexify README, Usage section",SQ-02,stable,,,
SQ-02-C005,async-sema's Sema constructor supports an optional pauseFn specifically to apply backpressure upstream instead of letting waiting promises pile up and exhaust memory.,src_2026-09-04_raw-githubusercontent-com_async-sema-readme-github-vercel,"`pauseFn` An optional fuction that is called to opportunistically request pausing the the incoming stream of data, instead of piling up waiting promises and possibly running out of memory.","async-sema README, Sema Constructor API",SQ-02,stable,,,
SQ-02-C006,"Node's cluster module runs each worker as a fully separate OS process spawned via child_process.fork(), so an in-process mutex or lock object in one worker's memory has no effect on the others.",src_2026-09-04_nodejs-org_node-js-cluster-module-documentation,"Because workers are all separate processes, they can be killed or re-spawned depending on a program's needs, without affecting other workers.","Node.js cluster docs, Separate Process Memory section",SQ-02,stable,,,
SQ-02-C007,Node's cluster docs explicitly warn that applications should not rely too heavily on in-memory data objects (such as for sessions) because the framework does not provide cross-worker routing logic.,src_2026-09-04_nodejs-org_node-js-cluster-module-documentation,Node.js does not provide routing logic. It is therefore important to design an application such that it does not rely too heavily on in-memory data objects for things like sessions and login.,"Node.js cluster docs, Separate Process Memory section",SQ-02,stable,,,
SQ-02-C008,"Bun's reusePort option runs multiple separate Bun OS processes bound to the same port, load balanced via the Linux SO_REUSEPORT/SO_REUSEADDR socket options, so an in-process mutex is scoped to only one of those processes.",src_2026-09-04_bun-com_bun-start-a-cluster-of-http-servers-reuseport,`reusePort` uses the Linux `SO_REUSEPORT` and `SO_REUSEADDR` socket options to ensure fair load balancing across processes.,"Bun docs, Start a cluster of HTTP servers",SQ-02,stable,,,
SQ-02-C009,"Bun's reusePort multi-process option only works on Linux; Windows and macOS silently ignore it, which changes the process topology (and thus the mutex-scope) depending on OS.",src_2026-09-04_bun-com_bun-start-a-cluster-of-http-servers-reuseport,Linux only — Windows and macOS ignore the `reusePort` option. This is an operating system limitation with `SO_REUSEPORT`.,"Bun docs, Start a cluster of HTTP servers",SQ-02,stable,,,
SQ-02-C010,"async-lock provides a documented maxPending option that caps the number of tasks allowed to sit in a given key's wait queue, giving explicit queue-depth backpressure instead of unbounded growth.",src_2026-09-04_raw-githubusercontent-com_async-lock-readme-github,Set max pending tasks - max number of tasks allowed in the queue at a time,"async-lock README, Options section",SQ-02,stable,,,
SQ-02-C011,"Node's worker_threads, unlike cluster or child_process, are capable of sharing memory across threads via ArrayBuffer transfer or SharedArrayBuffer, but this sharing is not automatic for arbitrary JS objects like a plain Mutex instance.",src_2026-09-04_nodejs-org_node-js-worker-threads-module-documentation,"Unlike `child_process` or `cluster`, `worker_threads` can share memory. They do so by transferring `ArrayBuffer` instances or sharing `SharedArrayBuffer` instances.","Node.js worker_threads docs, Memory Isolation and SharedArrayBuffer",SQ-02,stable,,,
SQ-02-C012,"The async-mutex-lite keyed-mutex pattern (one promise chain per key) is documented to release its internal per-key state automatically once that key's task chain drains, which the author states avoids memory leaks.",src_2026-09-04_github-com_async-mutex-lite-readme-github,"After all tasks complete, the internal memory is cleaned automatically — no memory leaks.","async-mutex-lite README, How It Works section",SQ-02,volatile,,,
SQ-02-C013,async-mutex-lite's own FAQ states its in-process keyed mutex only serializes requests handled by the same server instance/process; cross-instance conflicts still need an external lock such as Redis.,src_2026-09-04_github-com_async-mutex-lite-readme-github,"each serverless instance has its own memory. Mutex works only when conflicting requests are handled by the same instance. For cross-instance coordination you still need an external lock (e.g., Redis).","async-mutex-lite README, FAQ section",SQ-02,stable,,,
SQ-02-C014,A p-queue GitHub issue documents that the library does not stop or reject the rest of the queue when one queued task's promise rejects; the queue keeps running remaining tasks and the caller must handle each task's own rejection.,src_2026-09-04_github-com_p-queue-issue-29-rejecting-the-whole-queue-when-a-task-rejec,How can I stop and reject the whole queue once any its tasks has failed?,p-queue issue #29,SQ-02,stable,,,
SQ-03-C001,"Logseq maintainer confirms file-based Sync uses no locking or merge: it is last-write-wins with a ~20 second update interval, real-time collaboration was only roadmapped as of Dec 2022.",src_2026-09-04_github-com_concurrent-edits-to-the-same-file-will-overwrite-the-documen,This is the limitation of file sync. It's not designed for concurrent editing. It has 20 sec of update interval. Real-time collaboration is on our road map :),"Discussion #8074, comment by cnrpman",SQ-03,stable,,,
SQ-03-C002,Logseq user-reported bug: concurrent edits to the same document on two devices result in only one device's content surviving after sync (no merge).,src_2026-09-04_github-com_concurrent-edits-to-the-same-file-will-overwrite-the-documen,"The doc will only keep either ""ABC"" or ""DEF"".",Issue #7197,SQ-03,stable,,,
SQ-03-C003,Logseq had a documented data-loss bug where creating/opening a page could silently overwrite an existing markdown file on disk instead of detecting the name collision.,src_2026-09-04_github-com_do-not-overwrite-md-file-if-it-already-exist-data-loss-logse,checking if the file exists during creation and aborting instead of overwriting the file.,Issue #1332,SQ-03,stable,,,
SQ-03-C004,"Joplin's sync conflict handling copies the local (losing) note into a special Conflict notebook and replaces it locally with the remote version - a conflicted-copy fork, not a merge or a lock.",src_2026-09-04_joplinapp-org_what-is-a-conflict-joplin,"When Joplin detects a conflict, it creates a *Conflict* notebook and copies the local note to it. Then the remote note replaces the local note.",joplinapp.org/help/apps/conflict/,SQ-03,stable,,,
SQ-03-C005,Obsidian Sync merges markdown files automatically via a diff-match-patch three-way-style merge by default; since v1.9.7 users can instead opt into a 'Create conflict file' mode that writes a separate '(Conflicted copy device-name YYYYMMDDHHMM).md' file; non-markdown/canvas files are resolved by last-modified-wins.,src_2026-09-04_github-com_troubleshoot-obsidian-sync-obsidian-help-repo-raw,"Markdown files use ""Google's diff-match-patch algorithm"" for merging changes","Troubleshoot Obsidian Sync.md, General Issues",SQ-03,slow,,,
SQ-03-C006,"Outline does not use markdown files as its source of truth at all: the canonical storage format is a nested JSON document (ProseMirror-style), and markdown is only ever produced as a lossy export/import format; concurrency is handled by real-time collaborative editing rather than file-level conflict resolution.",src_2026-09-04_github-com_what-storage-format-does-will-outline-use-outline-outline-di,"That's correct – and the reason we moved from Markdown is that it cannot represent all the many things that a modern text editor must achieve, but we'll always support a lossy Markdown output.","Discussion #7396, maintainer tommoor",SQ-03,slow,,,
SQ-03-C007,"Decap CMS (git-backed) has no in-UI merge-conflict resolution: this feature request has stayed open and pinned since 2018, meaning concurrent edits producing a git merge conflict must be resolved outside the CMS by hand.",src_2026-09-04_github-com_allow-merge-conflicts-to-be-resolved-from-the-cms-ui-decap-c,Merge conflicts represent an inevitable challenge that currently cannot be addressed through the CMS interface.,decap-cms issue #1691,SQ-03,slow,,,
SQ-03-C008,"SilverBullet documents a 'space' as nothing more than a plain folder on disk, with no built-in multi-device sync or conflict-resolution system of its own; users are pointed at external tools like git for that.",src_2026-09-04_v1-silverbullet-md_spaces-silverbullet-docs,"You may think of it as a folder — because in practical terms, that's all it is.","SilverBullet docs, Spaces",SQ-03,slow,,,
SQ-03-C009,"Logseq users report repeated real-world data loss from Sync: one user had 3-4 loss incidents in a week, another lost two weeks of notes despite following recommended precautions (waiting for the green in-sync indicator).",src_2026-09-04_discuss-logseq-com_logseq-forum-syncing-issues-multiple-cases-of-data-loss,3-4 cases of data loss,"Logseq forum thread, OP tx2005",SQ-03,volatile,,,
SQ-04-C001,"The ctx object passed to createAuthMiddleware exposes path, body, headers, request, query and an auth-related context object (ctx.context), which is the documented surface for writing a custom per-object check inside a hook",src_2026-09-04_better-auth-com_hooks-better-auth,"**Context**: `ctx.context` auth related context, useful for accessing new session, auth cookies configuration, password hashing, config...","Hooks doc, Ctx section",SQ-04,stable,,,
SQ-04-C002,"Better Auth documents a requireResourceOwnership middleware helper that loads a resource by ID and verifies it belongs to the authenticated user, intended for endpoints operating on user-owned models",src_2026-09-04_better-auth-com_plugins-better-auth,A middleware that loads a resource by ID and verifies that it belongs to the authenticated user. Use it after `sessionMiddleware` for endpoints that operate on user-owned models.,"Plugins doc, Server-plugin helper functions, requireResourceOwnership",SQ-04,slow,,,
SQ-04-C003,"Better Auth documents a requireOrgRole middleware helper that verifies a user is a member of a specific organization and optionally holds one of a set of allowed roles, i.e. role-scoped not object-instance-scoped",src_2026-09-04_better-auth-com_plugins-better-auth,"A middleware that verifies the authenticated user is a member of a specific organization and, optionally, has one of a set of allowed roles.","Plugins doc, Server-plugin helper functions, requireOrgRole",SQ-04,slow,,,
SQ-04-C004,"databaseHooks before-hooks for user/session/account can abort the database operation entirely by returning false, or replace the payload by returning data, but only for those three fixed models -- there is no generic per-object (e.g. project) database hook",src_2026-09-05_better-auth-com_database-better-auth,"Before Hook: Executes before entity creation, update, or deletion. Returning `false` aborts the operation; returning data replaces the original payload.","Database docs, Database Hooks, Hook Types",SQ-04,stable,,,
SQ-04-C005,"Better Auth documents that session caching (secondary storage or cookie cache) does not include the custom fields added by customSession, and the custom session function re-runs on every session fetch",src_2026-09-04_better-auth-com_session-management-better-auth,"Session caching, including secondary storage or cookie cache, does not include custom fields. Custom session function is called each time the session is fetched.","Session Management doc, Caveats on Customizing Session Response",SQ-04,slow,,,
SQ-04-C006,"Better Auth's own docs warn that with cookieCache enabled, a revoked session can remain usable on other devices until the cached cookie expires, because the server cannot delete cookies already stored in a client browser",src_2026-09-04_better-auth-com_session-management-better-auth,Cookie cache stores session data in the client's browser,"Session Management doc, Session Caching, Notes on Cookie Cache",SQ-04,slow,,,
SQ-04-C007,"A real-world GitHub issue documents that with cookieCache enabled, revoking sessions server-side (e.g. via revokeOtherSessions on password change) does not invalidate the already-issued cached cookie, letting a user regain access until the cache TTL expires",src_2026-09-04_github-com_sensitive-auth-functions-should-ignore-the-cookie-cache-in-s,Auth functions like `/change-password` should always *ignore* the session cookie cache,GitHub Issue #4512 body,SQ-04,slow,,,
SQ-04-C008,The compact/default cookieCache strategy plus attached custom session data is capped by the browser's roughly 4KB per-cookie limit; Better Auth throws a runtime error rather than truncating or chunking when the limit is exceeded,src_2026-09-04_github-com_support-cookie-chunking-to-overcome-4kb-limitation-issue-469,Session data is too large to store in the cookie. Please disable session cookie caching or reduce the size of the session data,GitHub Issue #4697 body,SQ-04,slow,,,
SQ-04-C009,"Dynamic Access Control in the organization plugin lets roles and their statement permissions be created/edited at runtime and stored in a database table, but it is still role-level: checkRolePermission runs client-side synchronously and explicitly excludes dynamic roles",src_2026-09-05_better-auth-com_organization-better-auth,This will not include any dynamic roles as everything is ran synchronously on the client side. Please use the hasPermission APIs to include checks for any dynamic roles & permissions.,"Organization doc, Access Control Usage, checkRolePermission Note",SQ-04,slow,,,
SQ-04-C010,"The current Better Auth release as of this research is 1.7.2 (documented August 26, 2026), with the prior 1.7.0 (August 18, 2026) release carrying several breaking changes, none of which touch hooks, databaseHooks, customSession or the organization access-control API",src_2026-09-04_better-auth-com_changelog-better-auth,"The latest version is v1.7.2, released August 26, 2026.",Changelog page,SQ-04,volatile,,,
SQ-04-C011,"Before hooks run prior to an endpoint executing and are the documented place to modify requests, pre-validate data, or return early (e.g. veto with an APIError) -- this is the primitive an object-level permission check would be built on",src_2026-09-04_better-auth-com_hooks-better-auth,"**Before hooks** run *before* an endpoint is executed. Use them to modify requests, pre validate data, or return early.","Hooks doc, Before Hooks",SQ-04,stable,,,
SQ-04-C012,"customSession lets a developer customize what getSession and useSession return by wrapping the plugin around a callback, which is the documented mechanism to attach a computed permission set to the session",src_2026-09-04_better-auth-com_session-management-better-auth,Customize `getSession` and `useSession` responses using the `customSession` plugin:,"Session Management doc, Customizing Session Response",SQ-04,slow,,,
SQ-04-C013,"Better Auth's documented workaround for sensitive operations that must not tolerate a stale cookie cache is to explicitly disable the cache for that call, not any push-based invalidation",src_2026-09-04_better-auth-com_session-management-better-auth,Use `disableCookieCache: true` for sensitive operations,"Session Management doc, Session Caching, Notes on Cookie Cache",SQ-04,slow,,,
SQ-04-C014,"createAccessControl takes a statement object whose keys are resource-type names and whose values are arrays of allowed action strings -- the model is resource-type/action, not resource-instance/action",src_2026-09-05_better-auth-com_organization-better-auth,Create an access controller using the `createAccessControl` function with a statement object. The statement object uses resource names as keys with action arrays as values.,"Organization doc, Custom Permissions, Creating Access Control",SQ-04,slow,,,
SQ-04-C015,"A real GitHub bug report on Better Auth 1.4.13 shows hasPermission returning false even though the member held the required role and permissions, when those permissions were stored via a custom dynamic-access-control column rather than the built-in statement model",src_2026-09-04_github-com_haspermission-is-not-working-for-dynamic-access-control-in-o,"When validating permissions using `hasPermission`, the function consistently returned `false` despite the member having the required role and permissions assigned.","GitHub Issue #7822, Issue Description",SQ-04,volatile,,,
SQ-04-C016,"Better Auth's own organization-plugin docs point developers to its custom-permissions mechanism as the extension point, which a third-party (ZenStack) confirms is what they build row/object-level policy on top of rather than finding native resource-instance scoping in Better Auth",src_2026-09-04_zenstack-dev_when-embedded-authn-meets-embedded-authz-building-multi-tena,Better-Auth supports [custom permissions](https://www.better-auth.com/docs/plugins/organization#custom-permissions) for organizations.,"ZenStack blog, Conclusion",SQ-04,slow,,,
SQ-05-C001,"Drizzle ORM's SQLite schema DSL has no native support for CREATE VIRTUAL TABLE or the FTS5/R*Tree extensions; a feature request for it (opened Mar 20 2024, labeled db/sqlite, drizzle/kit, enhancement) is still open with no branches or pull requests.",src_2026-09-04_github-com_feature-sqlite-create-virtual-table-and-r-tree-extension-204,SQLite implements geospatial queries using the R*Tree extension and full text search using the FTS5 extension. Both extensions are enabled by default on Turso.,Issue #2046 description,SQ-05,stable,,,
SQ-05-C002,Practitioners using Drizzle with Turso/sqlite report that defining an FTS5 virtual table as a normal Drizzle sqliteTable and then running drizzle-kit's db:push destroys the virtual table because push tries to create/reconcile it as a regular table.,src_2026-09-04_answeroverflow-com_how-can-i-create-a-virtual-table-with-sqlite-drizzle-team-di,"If I define it as a regular sqliteTable, running db:push from drizzle kit will create the table and break the virtual table.",Discord question body,SQ-05,slow,,,
SQ-05-C003,"An open Bun GitHub issue reports that bun:sqlite on macOS arm64 shipped SQLite 3.43.2 in Bun 1.3.14 and 1.4.0-canary despite the release blog claiming 3.53.0, and that this shipped version has a severe FTS5 bug causing 'database disk image is malformed' (errno 267) on UPDATE/DELETE against FTS5 virtual tables, forcing the reporter to downgrade to FTS4.",src_2026-09-05_github-com_bun-sqlite-on-macos-arm64-still-ships-sqlite-3-43-2-in-bun-1,"The shipped version contains a severe FTS5 bug. The reporter encountered ""database disk image is malformed"" (errno 267) errors when performing UPDATE or DELETE operations on FTS5 virtual tables. This forced their application to downgrade from FTS5 to FTS4, sacrificing storage efficiency.",Issue #31247 summary - Critical Impact,SQ-05,volatile,,,
SQ-05-C004,"A separate, since-fixed Bun issue (#37044, closed via PR #37045) showed bun:sqlite could segfault on macOS when repeatedly creating an in-memory DB with an FTS5 virtual table, querying it, and calling db.close() — a use-after-free in FTS5 vtab teardown (sqlite3Fts5IndexClose / fts5DisconnectMethod) — with DROP TABLE before close() as the workaround.",src_2026-09-05_github-com_bun-sqlite-segfaults-in-fts5-vtab-teardown-on-database-close,Executing `DROP TABLE <fts5_table>` before `close()` prevents crashes,Issue #37044 Key Findings,SQ-05,volatile,,,
SQ-05-C005,"Drizzle's documented escape hatch for DDL that drizzle-kit does not support (e.g. CREATE VIRTUAL TABLE for FTS5) is an empty custom migration file generated via 'drizzle-kit generate --custom --name=X' and hand-written as raw SQL, applied normally with 'drizzle-kit migrate'.",src_2026-09-04_orm-drizzle-team_drizzle-orm-custom-migrations,"Drizzle lets you generate empty migration files to write your own custom SQL migrations for DDL alternations currently not supported by Drizzle Kit or data seeding, which you can then run with drizzle-kit migrate command.","Custom migrations page, intro paragraph",SQ-05,slow,,,
SQ-05-C006,"Drizzle's official sql tagged-template documentation explicitly frames it as the escape hatch for expressions/extensions the query builder cannot express, offering sql, sql<T>() for a client-side type hint only (no runtime mapping), sql.raw() for unescaped raw SQL, and db.execute() to run it.",src_2026-09-05_orm-drizzle-team_drizzle-orm-magical-sql-operator-doc-page,Please note that sql<T> does not perform any runtime mapping. The type you define using sql<T> is purely a helper for Drizzle.,"Magic sql operator page, sql<T> section",SQ-05,stable,,,
SQ-05-C007,Bun's own bun:sqlite documentation never mentions FTS5 or the SQLITE_ENABLE_FTS5 compile flag; it only documents .loadExtension() for loadable extensions and notes that on macOS Bun uses Apple's system SQLite while on Linux and Windows Bun statically links its own bundled SQLite build.,src_2026-09-04_bun-sh_sqlite-bun-docs,"macOS: Bun uses the system-provided SQLite, which Apple builds with persistent WAL enabled. The -wal and -shm files persist after close. This is not a bug — it is how Apple configured the system SQLite.",WAL sidecar file cleanup section,SQ-05,slow,,,
SQ-05-C008,"FTS5's bm25() ranking function takes optional per-column weight arguments after the table name and returns lower numeric values for better matches, so ordering must use 'ORDER BY bm25(tbl)' ascending, not descending.",src_2026-09-04_sqlite-org_sqlite-fts5-extension-external-content-tables-bm25-highlight,"SELECT * FROM email WHERE email MATCH ? ORDER BY bm25(email, 10.0, 5.0);",The bm25() Function section,SQ-05,stable,,,
SQ-05-C009,A real-world SQLite forum report (with SQLite core developer Dan Kennedy responding) documents that a plausible-looking but incorrect external-content FTS5 trigger pattern (plain INSERT/DELETE against the FTS5 table by an application id column instead of the rowid+special-delete-command pattern) caused database corruption roughly 10% of the time when updating and then querying shortly after.,src_2026-09-04_sqlite-org_sqlite-user-forum-corrupt-fts5-table-after-declaring-trigger,randomly (maybe 10% of the time) a corrupt database after updating meaning column of my_table and then querying the FTS5 table (for meaning) shortly after.,Post 1.1 by Mark (marcardar),SQ-05,stable,,,
SQ-05-C010,"The official SQLite FTS5 external-content synchronization pattern requires exactly three triggers (AFTER INSERT, AFTER DELETE, AFTER UPDATE) on the source table, using INSERT INTO fts_table(rowid, cols) for adds and the special 'delete' command form of INSERT INTO fts_table(fts_table, rowid, cols) for removals, not a plain DELETE FROM against the FTS5 table.",src_2026-09-04_sqlite-org_sqlite-fts5-extension-external-content-tables-bm25-highlight,"INSERT INTO fts_idx(fts_idx, rowid, b, c) VALUES('delete', old.a, old.b, old.c);",Keeping External Content Tables Synchronized section,SQ-05,stable,,,
SQ-05-C011,Drizzle's official bun-sqlite get-started guide shows wrapping an existing bun:sqlite Database client instance instead of only opening by file path.,src_2026-09-04_orm-drizzle-team_get-started-with-drizzle-and-bun-sqlite,const db = drizzle({ client: sqlite });,Step 3 - Connect Drizzle ORM to the database,SQ-05,volatile,,,
SQ-05-C012,"A real-world SQLite forum report, with SQLite core developer Dan Kennedy responding, documents that an incorrect external-content FTS5 trigger pattern (plain application-id-based INSERT/DELETE against the FTS5 table instead of the documented rowid + special delete-command pattern) caused database corruption roughly 10 percent of the time.",src_2026-09-04_sqlite-org_sqlite-user-forum-corrupt-fts5-table-after-declaring-trigger,randomly (maybe 10% of the time) a corrupt database after updating meaning column of my_table and then querying the FTS5 table (for meaning) shortly after.,"Post 1.1 by Mark (marcardar), 2022-03-23",SQ-05,stable,,,
SQ-05-C013,"Drizzle Studio (the drizzle-kit tooling suite) throws a SQL input error 'no such column: rowid' when a user tries to open the auto-generated _config shadow table that FTS5 creates next to a CREATE VIRTUAL TABLE ... USING fts5(...) table, indicating Drizzle's tooling does not fully understand FTS5's internal shadow-table schema.",src_2026-09-04_github-com_bug-unexpected-error-when-open-fts-config-table-3235,SQL_INPUT_ERROR: SQL input error: no such column: rowid (at offset 17),Issue #3235 Problem Description,SQ-05,slow,,,
SQ-06-C001,"SQLite's max database size is ~17.5TB at the default 4096-byte page size, or ~281TB if page size is raised to the 64KB maximum.",src_2026-09-04_sqlite-org_implementation-limits-for-sqlite,"When used with the default page size of 4096 bytes, this gives a maximum database size of about 17.5 terabytes. If the page size is increased to the maximum of 65536 bytes, then the database file can grow to be as large as about 281 terabytes.",limits.html section 12/14,SQ-06,stable,,,
SQ-06-C002,SQLite's theoretical max row count (2^64) is unreachable in practice because the 281TB max database size is hit first.,src_2026-09-04_sqlite-org_implementation-limits-for-sqlite,The theoretical maximum number of rows in a table is 2^64 (18446744073709551616 or about 1.8e+19). This limit is unreachable since the maximum database size of 281 terabytes will be reached first.,limits.html section 13,SQ-06,stable,,,
SQ-06-C003,SQLite row size is bounded by SQLITE_MAX_LENGTH because the whole row is encoded as one BLOB during INSERT/SELECT.,src_2026-09-04_sqlite-org_implementation-limits-for-sqlite,"During part of SQLite's INSERT and SELECT processing, the complete content of each row in the database is encoded as a single BLOB. So the SQLITE_MAX_LENGTH parameter also determines the maximum number of bytes in a row.",limits.html section 1,SQ-06,stable,,,
SQ-06-C004,"Practitioners on the official SQLite forum report that WAL mode is not faster than the default rollback journal for a heavy-insert (write-dominated) workload; WAL's advantage is concurrency, not raw single-writer insert speed.",src_2026-09-04_sqlite-org_sqlite-user-forum-wal-mode-speed-vs-normal-comparison,"An heavy-insert scenario is not faster with WAL, in my experience.",forum post (4) by ddevienne,SQ-06,stable,,,
SQ-06-C005,"A physics-based ceiling exists for fsync-per-transaction throughput on rotating disks: about 60 transactions/sec absolute max for a 7200 RPM drive, versus roughly 10,000 TPS for a modern SSD and up to about a million TPS for a RAID array.",src_2026-09-04_sqlite-org_sqlite-user-forum-wal-mode-speed-vs-normal-comparison,"7200 RPM divided by 60 seconds per minute divided by 2 rotations per transaction yields 60 transactions per second, absolute max, hard-limited by physics, yet a lone modern SSD may achieve 10000 TPS, and a RAID of them may achieve a million TPS.",forum post (12.1) by Warren Young,SQ-06,stable,,,
SQ-06-C006,"A measured benchmark (stated hardware) found WAL mode reduces write throughput versus the default DELETE journal mode at low concurrency: -43% at 1 writer, -17% at 2 writers -- WAL only wins from 4+ concurrent writers onward.",src_2026-09-04_shivekkhurana-com_sqlite-in-production-a-real-world-benchmark,"At 1 and 2 concurrent connections, writing to WAL reduces throughput by 43% and 17% respectively.",'WAL Mode Throughput (writes/sec)' section,SQ-06,volatile,,,
SQ-06-C007,"In SQLite's own kvtest benchmark, writes were 5 to 15 times slower than reads on every tested system, for both direct file I/O and SQLite.",src_2026-09-04_sqlite-org_35-faster-than-the-filesystem,"Writes are slower. On all systems, using both direct I/O and SQLite, write performance is between 5 and 15 times slower than reads.",2.2 Write Performance Measurements,SQ-06,stable,,,
SQ-06-C008,Calling fsync() per file on direct-to-disk writes (the JSONL-style pattern) was measured at least 10x slower than SQLite's own single-file writes in SQLite's official benchmark.,src_2026-09-04_sqlite-org_35-faster-than-the-filesystem,Invoking fsync() or FlushFileBuffers() per file causes direct-to-disk storage slowdown by factor of 10 or more versus SQLite writes.,2.2 Write Performance Measurements,SQ-06,stable,,,
SQ-06-C009,"better-sqlite3 (a Node/Bun sqlite binding) measured, in WAL mode on a 2014 MacBook Pro, 62,554 individual-row inserts/sec.",src_2026-09-04_raw-githubusercontent-com_better-sqlite3-benchmark,"better-sqlite3 x 62,554 ops/sec ±7.33%","Results, 2020-03-29, 'inserting rows individually'",SQ-06,volatile,,,
SQ-06-C010,"better-sqlite3 measured 4,141 100-row-batched-transaction commits/sec in WAL mode (roughly 414K rows/sec when inserts are batched into single transactions).",src_2026-09-04_raw-githubusercontent-com_better-sqlite3-benchmark,"better-sqlite3 x 4,141 ops/sec ±4.57%","Results, 2020-03-29, 'inserting 100 rows in a single transaction'",SQ-06,volatile,,,
SQ-06-C011,"HashiCorp Vault's audit subsystem is fail-closed: it guarantees every event reaches at least one enabled audit device, and documents that if all audit devices become unavailable Vault itself becomes unavailable.",src_2026-09-04_developer-hashicorp-com_audit-logging-in-hashicorp-vault,Vault sends the audit log entry of every API request and response to all enabled audit devices and guarantees that it saves to at least one of the enabled devices.,Critical Availability Requirements,SQ-06,stable,,,
SQ-06-C012,Vault's file audit backend is described by its own vendor documentation as a deliberately minimal append-only file writer with no built-in rotation.,src_2026-09-05_developer-hashicorp-com_file-audit-device-hashicorp-vault-docs,This is a very simple audit device: it appends logs to a file.,File Audit Device overview,SQ-06,stable,,,
SQ-06-C013,"The JSON Lines specification recommends but does not require a trailing newline after the last record, and does not define any recovery procedure for a truncated/torn final line.",src_2026-09-05_jsonlines-org_json-lines-documentation-for-the-json-lines-text-file-format,Including a line terminator after the last JSON value in a file is strongly recommended but not required.,Line Terminator section,SQ-06,stable,,,
SQ-06-C014,"SQLite's on-disk row overhead is small and structural: one varint for header length plus one serial-type varint per column, and both are usually a single byte each, with no fixed-width padding for TEXT/BLOB columns.",src_2026-09-04_sqlite-org_sqlite-record-format-varint-and-serial-type-codes,The header size varint and serial type varints will usually consist of a single byte.,Serial Type Codes section,SQ-06,stable,,,
SQ-06-C015,Measured fsync latency scales enormously with storage hardware: a 7200 RPM HDD is limited to about 56 fsync-backed transactions/sec (~18ms each) with a single connection.,src_2026-09-04_percona-com_fsync-performance-on-storage-devices,A 7.2k RPM drive limits fully ACID transactions to ~56/second with single connection,Practical Implications,SQ-06,volatile,,,
SQ-06-C016,"immudb's vendor documentation claims it 'can handle millions of transactions per second' for its hash-chained tamper-evident log, but states no benchmark hardware, dataset, or configuration for that number.",src_2026-09-04_docs-immudb-io_immudb-explained,"Unlike blockchains, immudb can handle millions of transactions per second, and can be used both as a lightweight service or embedded in your application as a library.",What makes immudb special,SQ-06,volatile,,,
SQ-07-C001,SQLite ATTACH DATABASE allows at most 10 attached databases by default; the hard maximum is 125 regardless of runtime tuning.,src_2026-09-04_sqlite-org_implementation-limits-for-sqlite,The number of simultaneously attached databases is limited to SQLITE_MAX_ATTACHED which is set to 10 by default. The maximum number of attached databases cannot be increased above 125.,"Section 11, Maximum Number Of Attached Databases",SQ-07,stable,,,
SQ-07-C002,A monthly-partition-per-attached-file design in SQLite is limited by SQLITE_MAX_ATTACHED and rules out attach-based partitioning once partition count reaches the hundreds.,src_2026-09-04_mako-ai_partitioning-alternatives-in-sqlite,"The number of attached databases is capped by SQLITE_MAX_ATTACHED, which defaults to 10 and has a hard ceiling of 125. You can raise it up to that ceiling at runtime with sqlite3_limit(db, SQLITE_LIMIT_ATTACHED, n), but you cannot exceed 125. This rules out attach-based partitioning for anything with hundreds of partitions.",Alternative 3: ATTACH DATABASE,SQ-07,slow,,,
SQ-07-C003,"Querying across SQLite time partitions is expressed as separate per-period tables combined by a UNION ALL view, which is read-only and does not prune non-matching branches automatically.",src_2026-09-04_mako-ai_partitioning-alternatives-in-sqlite,"Reads against events see everything. Writes have to target the correct underlying table, because a UNION ALL view is not writable on its own... The catch: SQLite does not prune the UNION ALL branches the way a partitioned planner would.",Alternative 2: Separate tables plus a UNION ALL view,SQ-07,slow,,,
SQ-07-C004,A transaction spanning multiple ATTACHed SQLite databases is not guaranteed atomic when the main database runs in WAL mode.,src_2026-09-04_mako-ai_partitioning-alternatives-in-sqlite,"A transaction spanning multiple attached files is atomic only when the main database is in rollback-journal mode (or you enable the right settings); in WAL mode, atomic commits across attached databases are not guaranteed.",Alternative 3: ATTACH DATABASE,SQ-07,slow,,,
SQ-07-C005,"logrotate's copytruncate option, needed when a process holds the log file open and cannot be told to reopen it, has a documented small window where log data can be lost between the copy and the truncate.",src_2026-09-04_manpages-ubuntu-com_logrotate-8-man-page-ubuntu-24-04,"Note that there is a very small time slice between copying the file and truncating it, so some logging data might be lost.",copytruncate directive,SQ-07,stable,,,
SQ-07-C006,"logrotate supports both size-based and time-based (hourly/daily/weekly/monthly/yearly) rotation triggers, plus maxage to prune old rotated logs by age regardless of the rotate count.",src_2026-09-04_manpages-ubuntu-com_logrotate-8-man-page-ubuntu-24-04,Log files are rotated only if they grow bigger than size bytes... Remove rotated logs older than <count> days. The age is only checked if the logfile is to be rotated.,size and maxage directives,SQ-07,stable,,,
SQ-07-C007,"zstd at its fastest general setting achieves a 2.896x compression ratio on the Silesia corpus, beating zlib/gzip's 2.743x at similar or lower CPU cost, with far higher decompression throughput.",src_2026-09-04_github-com_facebook-zstd-readme-benchmark-table,zstd 1.5.7 -1 | 2.896 | 510 MB/s | 1550 MB/s,Benchmark Results table (lzbench on Silesia corpus),SQ-07,slow,,,
SQ-07-C008,"zlib (the gzip algorithm) achieves a 2.743x compression ratio on the Silesia corpus at level -1, with roughly 5x lower compression throughput than zstd -1.",src_2026-09-04_github-com_facebook-zstd-readme-benchmark-table,zlib 1.3.1 -1 | 2.743 | 105 MB/s | 390 MB/s,Benchmark Results table (lzbench on Silesia corpus),SQ-07,slow,,,
SQ-07-C009,"SQLite VACUUM requires as much as twice the original database file size in free disk space while it runs, because it copies the database to a temporary file before overwriting the original.",src_2026-09-04_sqlite-org_sqlite-vacuum-documentation,"This means that when VACUUMing a database, as much as twice the size of the original database file is required in free disk space.","Section 3, How VACUUM works",SQ-07,stable,,,
SQ-07-C010,Deleting rows in SQLite does not shrink the database file by default: freed pages are marked reusable but the file stays the same size unless VACUUM is run or auto_vacuum is enabled.,src_2026-09-04_sqlite-org_sqlite-vacuum-documentation,"Unless SQLite is running in ""auto_vacuum=FULL"" mode, when a large amount of data is deleted from the database file it leaves behind empty space, or ""free"" database pages. This means the database file might be larger than strictly necessary. Running VACUUM to rebuild the database reclaims this space and reduces the size of the database file.","Section 2, Description",SQ-07,stable,,,
SQ-07-C011,"SQLite's auto_vacuum mode reclaims free pages automatically after deletes without a manual VACUUM, but at the documented cost of extra file fragmentation, and it does not compact partially filled pages the way VACUUM does.",src_2026-09-04_sqlite-org_sqlite-vacuum-documentation,"However, using auto_vacuum can lead to extra database file fragmentation. And auto_vacuum does not compact partially filled pages of the database as VACUUM does.","Section 3, How VACUUM works",SQ-07,stable,,,
SQ-07-C012,"PCI DSS's own documentation is echoed by secondary sources as requiring at least one year (12 months) of audit log history in total, with at least the most recent three months immediately available for analysis.",src_2026-09-04_pcidssguide-com_what-are-the-pci-dss-log-retention-requirements,"In the case of PCI DSS, the audit history should be kept for at least one year and at least three months immediately available for analysis.",Overview,SQ-07,stable,,,
SQ-07-C013,"ISO/IEC 27001:2022 Annex A control 8.15 (Logging) requires that logs recording activities, exceptions, faults and other relevant events be produced, stored, protected and analysed, without stating a numeric retention period.",src_2026-09-04_hightable-io_iso-27001-annex-a-8-15-logging-explained,"Logs that record activities, exceptions, faults and other relevant events should be produced, stored, protected and analysed.","Definition, quoting ISO27001:2022 Annex A 8.15",SQ-07,stable,,,
SQ-07-C014,"Because ISO 27001 leaves the retention duration to the organisation's own risk assessment, secondary guidance converges on 12 months as the de facto rule of thumb, with the most recent 3 months kept readily accessible.",src_2026-09-04_hightable-io_iso-27001-annex-a-8-15-logging-explained,"There is no single mandated period, but 12 months is the industry standard ""rule of thumb"" for retention, with the most recent 3 months being immediately available for analysis.",FAQ: How long should we keep audit logs for ISO 27001?,SQ-07,stable,,,
SQ-07-C015,"Neither the NIS2 Directive nor its Commission Implementing Regulation 2024/2690 (Section 3.2.5 of the Annex, covering log protection and retention) specifies a minimum log retention duration; it only requires logs be maintained, backed up and protected against unauthorised access and modification.",src_2026-09-04_nis-2-templates-com_what-nis2-cir-2024-2690-actually-requires-for-logging,CIR Section 3.2.5 does not specify a minimum retention duration. Neither does the NIS2 Directive itself.,3.2.5 - Log Protection and Retention,SQ-07,stable,,,
SQ-07-C016,"For NIS2 compliance in practice, a 12-month log retention split as 6 months hot (queryable) plus 6 months cold archive is cited as a defensible practical floor, with some member states' guidance citing an 18-month floor for essential entities.",src_2026-09-04_nis-2-templates-com_what-nis2-cir-2024-2690-actually-requires-for-logging,"A 12-month minimum — 6 months in hot (online, queryable) storage plus 6 months in cold archive — is the practical floor that survives most national audits and supports forensic reconstruction across the widest range of incident scenarios.",3.2.5 - Log Protection and Retention,SQ-07,volatile,,,
SQ-07-C017,"SOC 2's Trust Services Criteria do not prescribe an exact log/data retention duration; they require the organisation to define, document and enforce its own retention periods by data classification.",src_2026-09-04_bytebase-com_soc-2-data-security-and-retention-requirements,"While SOC 2 doesn't specify exact durations, it requires: Identifying and classifying sensitive data in databases, Defining retention periods by data type, Protecting data during retention, Ensuring secure and verifiable deletion afterward",Data Retention Requirements,SQ-07,stable,,,
SQ-07-C018,"The GDPR's storage limitation principle (Article 5(1)(e)) requires personal data be kept identifiable for no longer than necessary for the purposes of processing, which bounds how long an audit log entry carrying personal data (e.g. a user ID performing an action) may be retained without a documented purpose.",src_2026-09-04_gdpr-info-eu_art-5-gdpr-principles-relating-to-processing-of-personal-dat,kept in a form which permits identification of data subjects for no longer than is necessary for the purposes for which the personal data are processed,Art. 5(1)(e),SQ-07,stable,,,
SQ-08-C001,"SQLite multi-column indexes require an unbroken prefix of equality/IN-bound columns; the right-most usable column may carry the range/sort part, so a composite index for the per-user view should be (user_id, ts) with user_id first, not ts first.",src_2026-09-04_sqlite-org_the-sqlite-query-optimizer-overview,The initial columns of the index must be used with the = or IN or IS operators. The right-most column that is used can employ inequalities.,optoverview.html section 2 WHERE Clause Analysis,SQ-08,stable,,,
SQ-08-C002,"SQLite supports DESC as a real physical index column order (schema format 4), not just query-time reversal; it has been understood since SQLite 3.3.0 (2006-01-11) and is the default schema format since 3.7.10 (2012-01-16).",src_2026-09-04_sqlite-org_create-index-sqlite-documentation,The descending index schema format (4) takes index sort order into account. Only versions of SQLite 3.3.0 (2006-01-11) and later are able to understand the descending index format.,lang_createindex.html section 1.3 Descending Indexes,SQ-08,stable,,,
SQ-08-C003,SQLite can satisfy ORDER BY rowid DESC (and by extension DESC on an indexed column) without a sort step by scanning the b-tree from the end backward instead of materializing and sorting the output.,src_2026-09-04_sqlite-org_query-planning-sqlite-documentation,"SQLite will still omit the sorting step. But in order for output to appear in the correct order, SQLite will do the table scan starting at the end and working toward the beginning",queryplanner.html section 2.1 Sorting By Rowid,SQ-08,stable,,,
SQ-08-C004,"A covering index (one containing every column a query needs) lets SQLite skip the second binary search into the base table, roughly doubling query speed for that lookup, marked in EXPLAIN QUERY PLAN as 'USING COVERING INDEX'.",src_2026-09-04_sqlite-org_the-sqlite-query-optimizer-overview,This saves one binary search for each row and can make many queries run twice as fast.,optoverview.html section 9 Covering Indexes,SQ-08,stable,,,
SQ-08-C005,"In EXPLAIN QUERY PLAN output, SCAN means SQLite iterates all rows of a table (even in index order), while SEARCH means only a subset of rows is visited; a 'USE TEMP B-TREE FOR ORDER BY' line means the ORDER BY could not be satisfied by an index and a temporary sort structure was built instead.",src_2026-09-04_sqlite-org_explain-query-plan-sqlite-documentation,"""SCAN"" is used for a full-table scan, including cases where SQLite iterates through all records in a table in an order defined by an index. ""SEARCH"" indicates that only a subset of the table rows are visited.",eqp.html section 1.1 Table and Index Scans,SQ-08,stable,,,
SQ-08-C006,"When a temp b-tree is needed for sorting, EXPLAIN QUERY PLAN emits a literal 'USE TEMP B-TREE FOR ORDER BY' node, and this can be eliminated by adding an index on the ORDER BY column(s).",src_2026-09-04_sqlite-org_explain-query-plan-sqlite-documentation,In this case using the temporary b-tree can be avoided by creating an index,eqp.html section 1.2 Temporary Sorting B-Trees,SQ-08,stable,,,
SQ-08-C007,"A partial index (CREATE INDEX ... WHERE ...) covers only the subset of rows matching its WHERE clause, which the SQLite docs state directly improves both query and write performance because the index is smaller and only needs updating for the exceptional rows it covers.",src_2026-09-04_sqlite-org_partial-indexes-sqlite-documentation,"When used judiciously, partial indexes can result in smaller database files and improvements in both query and write performance.",partialindex.html section 1 Introduction,SQ-08,stable,,,
SQ-08-C008,"SQLite's partial-index usability test is a documented, deliberately incomplete syntactic match (not a real theorem prover): a query WHERE-term must textually match an OR-term in the index's WHERE clause, or be a comparison on a column the index restricts with 'IS NOT NULL' -- otherwise the optimizer will not use the partial index even if it is logically implied.",src_2026-09-04_sqlite-org_partial-indexes-sqlite-documentation,"SQLite does not have a sophisticated theorem prover with which to determine W⇒X. Instead, SQLite uses two simple rules to find the common cases where W⇒X is true, and it assumes all the other cases are false.",partialindex.html section 3 Queries Using Partial Indexes,SQ-08,stable,,,
SQ-08-C009,"ANALYZE statistics (sqlite_stat1) are a one-time snapshot the query planner loads at schema-read time; they are not updated as the database changes, so a growing audit table needs periodic re-ANALYZE (documented as PRAGMA optimize) to keep query plans good.",src_2026-09-04_sqlite-org_analyze-sqlite-documentation,"Statistics gathered by ANALYZE are not updated as the content of the database changes. If the content of the database changes significantly, or if the database schema changes, then one should consider rerunning the ANALYZE command in order to update the statistics.",lang_analyze.html section 3 Details,SQ-08,stable,,,
SQ-08-C010,"The offset method must count-and-discard all rows from the start of the result up to the requested page, so the scanned index range (and thus cost) grows with page depth; the seek/keyset method instead re-enters the index directly at the last-seen key via a WHERE predicate, so it does not re-scan prior pages.",src_2026-09-04_use-the-index-luke-com_paging-through-results-use-the-index-luke,"Nevertheless, the database must count all rows from the beginning until it reaches the requested page.","use-the-index-luke.com Paging Through Results, offset method section",SQ-08,stable,,,
SQ-08-C011,"A qualitative (hardware/row-count unspecified) benchmark chart in Use The Index, Luke shows the seek method holding roughly constant response time across pages 0-100 while the offset method's response time grows visibly from about page 20 onward -- indicative but not a rigorous measured number.",src_2026-09-04_use-the-index-luke-com_paging-through-results-use-the-index-luke,"The accuracy of measurement is insufficient to see the difference on the left hand side of the chart, however the difference is clearly visible from about page 20 onwards.","use-the-index-luke.com Paging Through Results, Figure 7.4",SQ-08,slow,,,
SQ-08-C012,"When the sort key is not unique, keyset pagination needs a tiebreaker column (e.g. a primary key) appended both to the index and to the ORDER BY / WHERE predicate as a row-value comparison, because paging fundamentally requires a deterministic row sequence and ORDER BY on a non-unique column alone does not guarantee one.",src_2026-09-04_use-the-index-luke-com_paging-through-results-use-the-index-luke,Paging requires a deterministic sort order.,"use-the-index-luke.com Paging Through Results, Important box",SQ-08,stable,,,
SQ-08-C013,"The keyset/seek predicate for a (ts, rowid) tiebreaker pairing is the row-value comparison WHERE (ts, rowid) < (?, ?) ORDER BY ts DESC, rowid DESC, built on a composite index CREATE INDEX ... ON sales(sale_date, sale_id) that carries the same column order as the ORDER BY.",src_2026-09-04_use-the-index-luke-com_paging-through-results-use-the-index-luke,"CREATE INDEX sl_dtid ON sales (sale_date, sale_id)","use-the-index-luke.com Paging Through Results, deterministic order-by example",SQ-08,stable,,,
SQ-08-C014,"SQLite's EXPLAIN QUERY PLAN documents that a compound query (UNION, UNION ALL, EXCEPT, INTERSECT) is planned per-branch, and when the branches must be merged into one order, SQLite either builds a temporary b-tree over the union ('UNION USING TEMP B-TREE') or runs each branch as an order-preserving co-routine and does a sorted MERGE -- either way a distinct, documented merge step is inserted whenever a chronological query spans more than one source.",src_2026-09-04_sqlite-org_explain-query-plan-sqlite-documentation,"The ""USING TEMP B-TREE"" clause in the above output indicates that a temporary b-tree structure is used to implement the UNION of the results of the two sub-selects. An alternative method of computing a compound is to run each subquery as a co-routine, arrange for their outputs to appear in sorted order, and merge the results together.",eqp.html section 1.4 Compound Queries,SQ-08,stable,,,
SQ-08-C015,"SQLite imposes no arbitrary limit on the number of indexes a table may carry (only a per-index column-count limit via SQLITE_LIMIT_COLUMN); the documentation gives no numeric guidance on how many indexes an append-heavy table can 'afford' before writes suffer -- that tradeoff is left to the general principle that every index adds write cost, not a stated threshold.",src_2026-09-04_sqlite-org_create-index-sqlite-documentation,There are no arbitrary limits on the number of indices that can be attached to a single table.,lang_createindex.html section 1 Syntax,SQ-08,stable,,,
